,date,regions,address,location
0,2022-12-08,栖霞区,栖霞区丽岛花园,"118.821387,32.170810"
1,2022-12-08,秦淮区,秦淮区陶李王巷,"118.769572,32.039588"
2,2022-12-08,江宁区,江宁区朗诗青春街区,"118.851406,31.776940"
3,2022-12-08,江宁区,江宁区空港公寓,"118.812126,31.791299"
4,2022-12-08,浦口区,南京工业大学如斋宿舍,"118.642381,32.077725"
5,2022-12-08,鼓楼区,鼓楼区恒盛嘉园,"118.771036,32.101980"
6,2022-12-08,高淳区,高淳区襟湖村夹埂自然村,"118.862067,31.320970"
7,2022-12-08,建邺区,建邺区莱蒙水榭春天,"118.726897,32.022688"
8,2022-12-08,鼓楼区,鼓楼区金达花园,"118.768072,32.098921"
9,2022-12-08,江宁区,江宁区新保弘领东苑D区,"118.839685,31.953702"
10,2022-12-08,江宁区,江宁区铜岭新村,"118.878497,31.686803"
11,2022-12-08,江宁区,江宁区红杨墅村,"118.797473,31.727189"
12,2022-12-08,江宁区,江宁区许村,"118.910534,31.882903"
13,2022-12-08,江宁区,江宁区后业村,"118.849578,31.678793"
14,2022-12-08,江宁区,江宁区陈巷村,"118.846876,31.697743"
15,2022-12-08,鼓楼区,鼓楼区姜圩路90号,"118.743856,32.082175"
16,2022-12-08,江宁区,江宁区河北社区,"118.991185,31.895111"
17,2022-12-08,浦口区,浦口区联合村,"118.570738,32.156090"
18,2022-12-08,江宁区,江宁区麒麟山庄,"118.938430,32.051229"
19,2022-12-08,秦淮区,秦淮区汇景家园汇安苑,"118.813460,31.983338"
20,2022-12-08,江宁区,江宁区百利华府3期,"118.854570,31.774167"
21,2022-12-08,江宁区,江宁区陈巷村,"118.846876,31.697743"
22,2022-12-08,栖霞区,栖霞区乾坤村,"118.816646,32.178024"
23,2022-12-08,鼓楼区,鼓楼区世茂外滩新城,"118.735281,32.080007"
24,2022-12-08,鼓楼区,鼓楼区清江花苑碧波园,"118.740758,32.069161"
25,2022-12-08,溧水区,溧水区锦和家园,"119.028280,31.651133"
26,2022-12-08,玄武区,玄武区北京东路38号,"118.806530,32.057079"
27,2022-12-08,栖霞区,栖霞区三元祠,"118.867879,32.108046"
28,2022-12-08,栖霞区,栖霞区金尧花园,"118.873952,32.122341"
29,2022-12-08,浦口区,浦口区西街,"118.529754,31.944611"
30,2022-12-08,浦口区,江北新区浦欣家园,"118.702571,32.106827"
31,2022-12-08,江宁区,江宁区里外城（金石路99号）,"118.868512,31.774165"
32,2022-12-08,江宁区,江宁区湖东音乐苑,"118.822366,31.940149"
33,2022-12-08,浦口区,江北新区北外滩水城十六街区,"118.755310,32.143132"
34,2022-12-08,溧水区,溧水区新能源大道龙鑫电子工地49号宿舍,"119.028280,31.651133"
35,2022-12-08,鼓楼区,鼓楼区咖居酒店（长江大桥阅江楼店）,"118.755688,32.092958"
36,2022-12-08,鼓楼区,鼓楼区南京医科大学五台校区,"118.774377,32.044550"
37,2022-12-08,雨花台区,雨花台区金域华府,"118.647860,31.909066"
38,2022-12-08,鼓楼区,鼓楼区明城大厦（建宁路241号）,"118.757625,32.093387"
39,2022-12-08,鼓楼区,鼓楼区水关桥121号,"118.756805,32.101491"
40,2022-12-07,浦口区,浦口区西江佳园,"118.628137,32.051690"
41,2022-12-07,玄武区,玄武区钟山花园城陶然居,"118.848141,32.032849"
42,2022-12-07,江宁区,江宁区觅秀东园,"118.876188,31.998807"
43,2022-12-07,秦淮区,秦淮区阳光里小区,"118.803191,31.997724"
44,2022-12-07,江宁区,江宁区托乐嘉花园小区睦邻居,"118.784958,31.945507"
45,2022-12-07,秦淮区,秦淮区登隆巷19号,"118.774066,32.029043"
46,2022-12-07,鼓楼区,鼓楼区姜圩路20号,"118.744472,32.081625"
47,2022-12-07,江宁区,江宁区觅秀东园,"118.876188,31.998807"
48,2022-12-07,鼓楼区,鼓楼区紫竹林,"118.772688,32.085052"
49,2022-12-07,秦淮区,秦淮区石鼓路165号,"118.774817,32.040954"
50,2022-12-07,鼓楼区,鼓楼区龙江花园城港龙园,"118.747493,32.061068"
51,2022-12-07,江宁区,江宁区觅秀东园,"118.876188,31.998807"
52,2022-12-07,江宁区,江宁区秦村社区,"118.839685,31.953702"
53,2022-12-07,玄武区,栖霞区十字街70号,"118.807508,32.097318"
54,2022-12-07,浦口区,江北新区如山芯寓,"118.642982,32.036529"
55,2022-12-07,鼓楼区,南京师范大学（随园校区）,"118.767199,32.054102"
56,2022-12-07,江宁区,江宁区天泽苑,"118.851290,31.918865"
57,2022-12-07,浦口区,浦口区明发香山郡,"118.605739,32.077447"
58,2022-12-07,浦口区,浦口区双山社区东乔组,"118.405174,31.940242"
59,2022-12-07,浦口区,浦口区桥林西街,"118.530507,31.942603"
60,2022-12-07,建邺区,建邺区电站村小区,"118.760665,32.023525"
61,2022-12-07,鼓楼区,鼓楼区热河南路36号院,"118.741585,32.082245"
62,2022-12-07,江宁区,江宁区觅秀东园,"118.876188,31.998807"
63,2022-12-07,栖霞区,栖霞区兴都花园,"118.844357,32.105781"
64,2022-12-07,高淳区,高淳区襟湖村夹埂自然村,"118.862067,31.320970"
65,2022-12-07,江宁区,江宁友爱医院,"118.821166,31.942181"
66,2022-12-07,鼓楼区,鼓楼区西柏果园,"118.765847,32.079606"
67,2022-12-07,江宁区,江宁区圆通速递（苍穹路8号）,"118.843460,31.923670"
68,2022-12-07,鼓楼区,鼓楼区水佐岗19号,"118.763790,32.067669"
69,2022-12-07,鼓楼区,鼓楼区龙池庵,"118.751374,32.084758"
70,2022-12-07,江宁区,江宁区托乐嘉花园小区睦邻居,"118.784958,31.945507"
71,2022-12-07,鼓楼区,鼓楼区紫霞公寓,"118.800697,32.100208"
72,2022-12-07,栖霞区,栖霞区巽离村,"118.909246,32.096228"
73,2022-12-07,玄武区,玄武区丹凤新寓,"118.789401,32.052566"
74,2022-12-07,溧水区,溧水区双塘景苑,"119.026544,31.662301"
75,2022-12-07,秦淮区,秦淮区月牙湖社区紫金城西区,"118.831158,32.035840"
76,2022-12-07,浦口区,浦口区龙湖春江悦铭,"118.627895,32.059093"
77,2022-12-07,鼓楼区,鼓楼区南医大二附院,"118.745235,32.080824"
78,2022-12-07,江宁区,江宁区凤凰社区正方石材市场A区28号,"118.798460,31.835290"
79,2022-12-07,鼓楼区,鼓楼区钟阜路2号,"118.766959,32.087766"
80,2022-12-07,鼓楼区,鼓楼区天目路,"118.766444,32.059378"
81,2022-12-07,秦淮区,秦淮区武定新村,"118.804875,32.011594"
82,2022-12-07,栖霞区,栖霞区月桂园,"118.867848,32.117816"
83,2022-12-07,栖霞区,栖霞区生产村,"118.788964,32.183285"
84,2022-12-07,栖霞区,栖霞区丽岛花园,"118.821387,32.170810"
85,2022-12-07,建邺区,建邺区电站村小区,"118.760665,32.023525"
86,2022-12-06,江宁区,江宁区东麒佳苑,"118.877325,31.970711"
87,2022-12-06,栖霞区,栖霞区月桂园,"118.867848,32.117816"
88,2022-12-06,浦口区,江北新区如山芯寓,"118.642982,32.036529"
89,2022-12-06,溧水区,溧水区芦家边村,"119.117789,31.692316"
90,2022-12-06,溧水区,溧水区光明社区三甲村,"119.028280,31.651133"
91,2022-12-06,栖霞区,栖霞区仙林大道181号万达茂中心E座,"118.968797,32.110501"
92,2022-12-06,鼓楼区,鼓楼区金陵世纪花园,"118.736084,32.041392"
93,2022-12-06,江宁区,江宁区九龙湖国际企业总部园,"118.811278,31.911814"
94,2022-12-06,栖霞区,栖霞区南炼二村小区,"118.933837,32.154753"
95,2022-12-06,浦口区,江北新区旭日上城三期,"118.724200,32.140862"
96,2022-12-06,栖霞区,栖霞区双柳村,"118.793883,32.187032"
97,2022-12-06,栖霞区,栖霞区丽岛花园,"118.821387,32.170810"
98,2022-12-06,栖霞区,栖霞区月桂园,"118.867848,32.117816"
99,2022-12-06,栖霞区,栖霞区双柳村,"118.793883,32.187032"
100,2022-12-06,江宁区,江宁区觅秀东园,"118.876188,31.998807"
101,2022-12-06,鼓楼区,鼓楼区玉桥国际公寓,"118.781028,32.092480"
102,2022-12-06,栖霞区,栖霞区尧化新村,"118.875454,32.113413"
103,2022-12-06,栖霞区,栖霞区贞利东村,"118.861137,32.183936"
104,2022-12-06,栖霞区,栖霞区栖化新村,"118.940451,32.147078"
105,2022-12-06,栖霞区,栖霞区晓庄村,"118.815149,32.118151"
106,2022-12-06,栖霞区,栖霞区南炼二村小区,"118.933837,32.154753"
107,2022-12-06,江宁区,江宁区方山集镇,"118.858522,31.895368"
108,2022-12-06,栖霞区,栖霞区大沙东村,"118.909246,32.096228"
109,2022-12-06,江宁区,江宁区来凤路来凤小区,"118.854718,31.771442"
110,2022-12-06,鼓楼区,鼓楼区东妙峰庵小区,"118.757513,32.085592"
111,2022-12-06,栖霞区,栖霞区晓庄村,"118.815149,32.118151"
112,2022-12-06,鼓楼区,鼓楼区萨家湾52号居民餐厅宿舍,"118.757159,32.083782"
113,2022-12-06,鼓楼区,鼓楼区中山北路287号,"118.760171,32.079361"
114,2022-12-06,江宁区,江宁区曾庄,"118.734820,31.723916"
115,2022-12-06,栖霞区,栖霞区乾坤村,"118.816646,32.178024"
116,2022-12-06,江宁区,江宁友爱医院,"118.821166,31.942181"
117,2022-12-06,江宁区,江宁区胜利新寓,"118.828375,31.942000"
118,2022-12-06,栖霞区,栖霞区紫金北郡山庄,"118.868554,32.114732"
119,2022-12-06,栖霞区,栖霞区七里村,"118.803337,32.159838"
120,2022-12-05,鼓楼区,鼓楼区东门前街157号楼,"118.785101,32.093514"
121,2022-12-05,江宁区,江宁区乐园路5号,"118.788634,31.769972"
122,2022-12-05,江宁区,江宁区云靖花园,"118.839685,31.953702"
123,2022-12-05,鼓楼区,鼓楼区云燕园小区,"118.778373,32.106230"
124,2022-12-05,栖霞区,栖霞区南炼二村小区,"118.933837,32.154753"
125,2022-12-05,江宁区,江宁区格莱酒店（江宁大学城店）,"118.912492,31.909797"
126,2022-12-05,雨花台区,雨花台区凤翔花园四期,"118.760583,31.965384"
127,2022-12-05,雨花台区,雨花台区银杏山庄,"118.764169,31.955772"
128,2022-12-05,浦口区,江北新区天润城二街区,"118.642982,32.036529"
129,2022-12-05,鼓楼区,鼓楼区姜圩路70号,"118.743412,32.082554"
130,2022-12-05,栖霞区,栖霞区大柳西村,"118.787453,32.203433"
131,2022-12-05,江宁区,江宁区春华园,"118.775603,31.774275"
132,2022-12-05,建邺区,建邺区润花园,"118.764524,32.020199"
133,2022-12-05,栖霞区,栖霞区丽岛花园,"118.821387,32.170810"
134,2022-12-05,秦淮区,秦淮区武定新村,"118.804875,32.011594"
135,2022-12-05,秦淮区,秦淮区乔虹苑小区,"118.807063,32.014691"
136,2022-12-05,江宁区,江宁区万龙建材科技有限公司,"118.868592,31.987306"
137,2022-12-05,浦口区,江北新区天润城十二街区,"118.739045,32.144446"
138,2022-12-05,秦淮区,秦淮区煤灰堆小区,"118.780834,32.015465"
139,2022-12-05,六合区,六合区海林宾馆（东红路）,"118.995888,32.269227"
140,2022-12-05,秦淮区,秦淮区高虹苑小区,"118.808338,32.013152"
141,2022-12-05,鼓楼区,鼓楼区驴子巷34号,"118.748627,32.089894"
142,2022-12-05,栖霞区,栖霞区双柳村,"118.793883,32.187032"
143,2022-12-05,栖霞区,栖霞区巽离村,"118.909246,32.096228"
144,2022-12-05,鼓楼区,鼓楼区场门口小区,"118.755200,32.054699"
145,2022-12-05,栖霞区,栖霞区新闸村,"118.816971,32.185825"
146,2022-12-05,浦口区,江北新区马庄80号,"118.642982,32.036529"
147,2022-12-05,江宁区,江宁区宁翔公寓,"118.820725,31.942122"
148,2022-12-05,栖霞区,栖霞区丽岛花园,"118.821387,32.170810"
149,2022-12-05,鼓楼区,鼓楼区玉桥国际公寓,"118.781028,32.092480"
150,2022-12-05,鼓楼区,鼓楼区肯定精选酒店（南京龙江四店）,"118.744383,32.056490"
151,2022-12-05,江宁区,江宁区亲水湾花园,"118.822889,31.953587"
152,2022-12-05,浦口区,浦口区联合社区新兴组,"118.627895,32.059093"
153,2022-12-05,秦淮区,秦淮区阳光里,"118.803210,31.997730"
154,2022-12-05,秦淮区,秦淮区白下路181号,"118.792803,32.028373"
155,2022-12-05,栖霞区,栖霞区联珠村,"118.817461,32.133263"
156,2022-12-05,鼓楼区,鼓楼区幕府东路15号,"118.780750,32.112093"
157,2022-12-04,建邺区,建邺区东升沿一小区,"118.757091,32.024633"
158,2022-12-04,六合区,六合区龙脊路龙湖一号,"118.822176,32.330527"
159,2022-12-04,栖霞区,栖霞区名都花园,"118.820090,32.113342"
160,2022-12-04,江宁区,江宁区文博苑,"118.911097,31.904851"
161,2022-12-04,鼓楼区,鼓楼区唐山路118号,"118.734037,32.083523"
162,2022-12-04,六合区,江北新区草芳新苑,"118.735319,32.217975"
163,2022-12-04,浦口区,江北新区盘城新居,"118.707928,32.208282"
164,2022-12-04,江宁区,江宁区王家园小区,"118.946739,32.064728"
165,2022-12-04,江宁区,贸易公司鸡蛋包装厂（江宁区粽塘路19号）,"118.777379,31.789008"
166,2022-12-04,江宁区,羲和路11号美团仓库,"118.831725,31.777722"
167,2022-12-04,江宁区,苏宁云仓淘菜菜仓库（将军大道与神州路交叉口）,"118.819140,31.754468"
168,2022-12-04,江宁区,感恩大药房（陶禄路31号）,"118.777083,31.776266"
169,2022-12-04,江宁区,艺金园农家乐（天禄路788号）,"118.881761,31.778819"
170,2022-12-04,江宁区,沙县小吃（宁丹路）,"118.777526,31.816231"
171,2022-12-04,江宁区,川香牛肉汤馆（金宁街17号）,"118.775679,31.777132"
172,2022-12-04,江宁区,江宁区姜林村,"118.777915,31.702800"
173,2022-12-04,江宁区,江宁区中骏六号街区,"118.850250,31.780908"
174,2022-12-04,鼓楼区,鼓楼区热河南路34号,"118.741605,32.082497"
175,2022-12-04,雨花台区,雨花台区韩府新苑,"118.749529,31.943291"
176,2022-12-04,雨花台区,雨花台区定坊兴苑,"118.751154,31.948112"
177,2022-12-04,建邺区,建邺区润花园,"118.764524,32.020199"
178,2022-12-04,鼓楼区,鼓楼区东妙峰庵56号,"118.755112,32.085875"
179,2022-12-04,鼓楼区,鼓楼区热河南路27号,"118.742185,32.084085"
180,2022-12-04,玄武区,阿红棋牌室（热河南路34号公共厕所旁）,"118.862547,32.027213"
181,2022-12-04,鼓楼区,热河南路40号,"118.741500,32.081595"
182,2022-12-04,栖霞区,新春烟酒(姜圩路店),"119.158310,32.212286"
183,2022-12-04,鼓楼区,苏果超市（热河南路19号）,"118.742882,32.084372"
184,2022-12-04,鼓楼区,鼓楼区钟阜路2号,"118.766959,32.087766"
185,2022-12-04,浦口区,江北新区招商兰溪谷三期,"118.707560,32.184026"
186,2022-12-04,六合区,江北新区新华五村,"118.747897,32.225276"
187,2022-12-04,浦口区,江北新区江畔明珠小区,"118.734602,32.129363"
188,2022-12-04,六合区,江北新区永恒家园,"118.746578,32.245932"
189,2022-12-04,六合区,江北新区永恒家园,"118.746578,32.245932"
190,2022-12-04,栖霞区,吉祥山庄3号院,"118.812104,32.134335"
191,2022-12-04,江宁区,江宁区托乐嘉花园小区睦邻居,"118.784958,31.945507"
192,2022-12-04,玄武区,玄武区弗思特连锁酒店(九华山地铁站店),"118.806113,32.057130"
193,2022-12-04,江宁区,江宁区姜林村,"118.777915,31.702800"
194,2022-12-04,鼓楼区,鼓楼区萨家湾52号居民餐厅,"118.759815,32.084798"
195,2022-12-04,江宁区,江宁区丹阳镇七仙南苑,"118.718336,31.632996"
196,2022-12-04,雨花台区,雨花台区金地自在城6期,"118.664770,31.902605"
197,2022-12-04,鼓楼区,鼓楼区察哈尔路73号,"118.750039,32.075394"
198,2022-12-04,江宁区,江宁区陶吴镇西阳社区,"118.748952,31.792269"
199,2022-12-04,江宁区,贸易公司鸡蛋包装厂（江宁区粽塘路19号）,"118.777379,31.789008"
200,2022-12-04,江宁区,陶吴小学,"118.777436,31.772650"
201,2022-12-04,江宁区,中国电信（江宁区银杏湖大道）,"118.746044,31.822183"
202,2022-12-04,江宁区,江宁区红旗社区安民塘,"118.759110,31.712337"
203,2022-12-04,江宁区,贸易公司鸡蛋包装厂（江宁区粽塘路19号）,"118.777379,31.789008"
204,2022-12-04,江宁区,江宁区竹山路魔方公寓,"118.850221,31.933204"
205,2022-12-04,建邺区,建邺区电站村小区,"118.760665,32.023525"
206,2022-12-04,玄武区,玄武区南农亚朵酒店,"118.797861,32.048687"
207,2022-12-04,江宁区,江宁区陶吴社区王家园小区,"118.778182,31.776538"
208,2022-12-04,江宁区,贸易公司鸡蛋包装厂（江宁区粽塘路19号）,"118.777379,31.789008"
209,2022-12-04,秦淮区,玄武区如家商旅酒店（洪武路步行街店）,"118.781687,32.037596"
210,2022-12-04,鼓楼区,鼓楼区镇江路51号,"118.752063,32.079504"
211,2022-12-04,玄武区,玄武区恒大翡翠华庭,"118.825159,32.101006"
212,2022-12-04,江宁区,秦淮区汇景北路136号工地宿舍,"118.803728,31.962794"
213,2022-12-04,江宁区,江宁区湖光晨樾,"118.839685,31.953702"
214,2022-12-04,江宁区,江宁区纬七路32号平欧空调宿舍,"118.835936,31.762783"
215,2022-12-04,江宁区,江宁区陶吴社区王家园小区,"118.778182,31.776538"
216,2022-12-04,江宁区,江宁区陶吴王家园小区,"118.946739,32.064728"
217,2022-12-04,栖霞区,栖霞区山水苑,"118.843132,32.130035"
218,2022-12-04,栖霞区,栖霞区南炼三村,"118.930320,32.153159"
219,2022-12-04,栖霞区,栖霞区和燕路 319 号林景瑞园,"118.812993,32.112391"
220,2022-12-04,江宁区,江宁区谭桥公寓西园,"118.842788,31.922842"
221,2022-12-04,栖霞区,栖霞区乾坤村,"118.816646,32.178024"
222,2022-12-04,栖霞区,栖霞区栖化新村,"118.940451,32.147078"
223,2022-12-04,栖霞区,栖霞区紫金北郡,"118.868554,32.114732"
224,2022-12-04,栖霞区,栖霞区双柳村127号,"118.801296,32.183416"
225,2022-12-04,栖霞区,栖霞区八卦花园,"118.822561,32.171429"
226,2022-12-04,栖霞区,栖霞区乾坤村,"118.816646,32.178024"
227,2022-12-04,栖霞区,栖霞区长江村3组,"119.192777,32.207604"
228,2022-12-04,栖霞区,栖霞区巽离村,"118.909246,32.096228"
229,2022-12-04,栖霞区,栖霞区海赋商城,"118.836673,32.131809"
230,2022-12-04,玄武区,玄武区聚宝山庄臻园,"118.868764,32.096692"
231,2022-12-04,江宁区,江宁区上秦淮新苑凤仪苑,"118.556445,31.802332"
232,2022-12-04,建邺区,建邺区金隅紫京府,"118.751302,32.008176"
233,2022-12-04,浦口区,浦口区融侨观邸,"118.629562,32.078991"
234,2022-12-04,江宁区,江宁区空港公寓,"118.812126,31.791299"
235,2022-12-04,江宁区,江宁区陶吴社区王家园小区,"118.778182,31.776538"
236,2022-12-03,栖霞区,栖霞区海赋尚城一期,"118.836067,32.132211"
237,2022-12-03,秦淮区,秦淮区大阳沟44号,"118.813265,32.025264"
238,2022-12-03,江宁区,江宁区雍景苑,"118.853337,31.914566"
239,2022-12-03,鼓楼区,鼓楼区金阜雅苑,"118.765351,32.088179"
240,2022-12-03,江宁区,江宁区翡翠公园,"118.827280,31.920542"
241,2022-12-03,江宁区,圣可尼服饰实业有限公司宿舍（天旺路9号）,"118.922581,32.037883"
242,2022-12-03,栖霞区,栖霞区水田村118号十月军校宿舍,"118.859489,32.099530"
243,2022-12-03,江宁区,江宁区文博苑14幢3单元,"118.911589,31.905116"
244,2022-12-03,江宁区,江宁区苏源大道119号南京飞翼建材机械有限公司宿舍,"118.825523,31.839089"
245,2022-12-03,栖霞区,栖霞区丽岛花园,"118.821387,32.170810"
246,2022-12-03,栖霞区,栖霞区月桂园,"118.867848,32.117816"
247,2022-12-03,六合区,六合区雨庭花园,"118.832560,32.322424"
248,2022-12-03,浦口区,江北新区北外滩水城十六街区,"118.755310,32.143132"
249,2022-12-03,鼓楼区,鼓楼区洪庙3号,"118.763485,32.083809"
250,2022-12-03,玄武区,玄武区好梦来宾馆（板仓店）,"118.830287,32.076964"
251,2022-12-03,栖霞区,栖霞区水田村118号十月军校宿舍,"118.859489,32.099530"
252,2022-12-03,鼓楼区,鼓楼区三牌楼大街172号,"118.764115,32.081000"
253,2022-12-03,鼓楼区,鼓楼区驴子巷34号,"118.748627,32.089894"
254,2022-12-03,浦口区,江北新区天润城六街区,"118.729611,32.144714"
255,2022-12-03,鼓楼区,鼓楼区太古山庄,"118.752571,32.081034"
256,2022-12-03,玄武区,玄武区黄家圩149号,"118.801740,32.094276"
257,2022-12-03,栖霞区,栖霞区和苑,"118.886370,32.132317"
258,2022-12-03,栖霞区,栖霞区南大和园青年教师公寓,"118.963016,32.108092"
259,2022-12-03,栖霞区,栖霞区五福家园荷苑,"118.949490,32.155280"
260,2022-12-03,栖霞区,栖霞区璞樾和山桂山路1号,"118.909246,32.096228"
261,2022-12-03,栖霞区,栖霞区尧石二村,"118.887973,32.119900"
262,2022-12-03,栖霞区,栖霞区南炼二村,"118.933837,32.154753"
263,2022-12-03,栖霞区,栖霞区金尧华府,"118.886185,32.125371"
264,2022-12-03,栖霞区,栖霞区华润幸福里,"118.889971,32.130394"
265,2022-12-03,栖霞区,栖霞区南京输油处南院,"118.873393,32.113092"
266,2022-12-03,栖霞区,栖霞区晓庄村55号,"118.808471,32.118461"
267,2022-12-03,栖霞区,栖霞区晓庄村57号,"118.807184,32.119214"
268,2022-12-03,栖霞区,栖霞区山水苑,"118.843132,32.130035"
269,2022-12-03,栖霞区,栖霞区尧顺佳园2期,"118.891464,32.126145"
270,2022-12-03,栖霞区,栖霞区尧化门铁路货场,"118.848467,32.110980"
271,2022-12-03,鼓楼区,鼓楼区福建路24-4号,"118.762299,32.082567"
272,2022-12-03,浦口区,浦口区联合社区新兴组,"118.627895,32.059093"
273,2022-12-03,江宁区,江宁区秦村社区,"118.839685,31.953702"
274,2022-12-03,江宁区,江宁区金石路里外城12栋,"118.868694,31.774292"
275,2022-12-03,江宁区,江宁区潭桥公寓西园33幢,"118.841060,31.923686"
276,2022-12-03,江宁区,江宁区天祥家园,"118.870662,31.918922"
277,2022-12-03,江宁区,江宁区龙池新寓,"118.830864,31.938163"
278,2022-12-03,鼓楼区,鼓楼区驴子巷34号,"118.748627,32.089894"
279,2022-12-03,六合区,六合区新集头桥朱庄13号,"118.688449,32.294808"
280,2022-12-03,秦淮区,秦淮区汇景家园汇平苑,"118.813904,31.982431"
281,2022-12-03,鼓楼区,鼓楼区多伦路71号,"118.752244,32.089418"
282,2022-12-03,鼓楼区,鼓楼区龙池庵14号,"118.751463,32.084832"
283,2022-12-03,鼓楼区,鼓楼区钟阜路2号,"118.766959,32.087766"
284,2022-12-03,秦淮区,秦淮区汇景和园,"118.834630,31.984570"
285,2022-12-03,鼓楼区,鼓楼区天目路17号,"118.768089,32.058877"
286,2022-12-03,溧水区,溧水开发区爱情故事酒店,"119.032365,31.691710"
287,2022-12-03,雨花台区,雨花台区龙藏大道212号,"118.646681,31.932473"
288,2022-12-03,鼓楼区,鼓楼区三牌楼230号,"118.768530,32.076716"
289,2022-12-03,浦口区,江北新区天润城六街区,"118.729611,32.144714"
290,2022-12-03,浦口区,江北新区清沐精选酒店（葛塘地铁站店）,"118.626066,32.057281"
291,2022-12-03,栖霞区,栖霞区南炼二村,"118.933837,32.154753"
292,2022-12-03,鼓楼区,鼓楼区洪庙巷16号,"118.762861,32.085754"
293,2022-12-03,秦淮区,莫泰酒店（平江府路154号）,"118.792848,32.019163"
294,2022-12-03,雨花台区,雨花台区七彩星城,"118.724713,31.964967"
295,2022-12-03,江宁区,江宁区上秦淮新苑凤仪苑,"118.556445,31.802332"
296,2022-12-03,江宁区,江宁区大里聚福城怡景园小区,"118.845263,31.804044"
297,2022-12-03,江宁区,江宁区铜岭路万都宾馆(机场店),"118.873542,31.684908"
298,2022-12-03,建邺区,建邺区东升村小区,"118.758555,32.023079"
299,2022-12-03,鼓楼区,鼓楼区福建路65号,"118.762679,32.081699"
300,2022-12-03,江宁区,江宁区天景山公寓如意苑,"118.884369,31.945856"
301,2022-12-03,江宁区,江宁区天鹅湖花园,"118.866086,31.956375"
302,2022-12-02,江宁区,江宁区天泽苑,"118.851290,31.918865"
303,2022-12-02,栖霞区,栖霞区南炼二村,"118.933837,32.154753"
304,2022-12-02,江宁区,江宁区博恩花园（翠屏城）,"118.857902,31.795220"
305,2022-12-02,鼓楼区,鼓楼区三牌楼大街82号,"118.766407,32.079303"
306,2022-12-02,建邺区,建邺区精金花园,"118.729498,32.028728"
307,2022-12-02,鼓楼区,鼓楼区汉口路48号,"118.777686,32.054167"
308,2022-12-02,江宁区,江宁区天泽苑,"118.851290,31.918865"
309,2022-12-02,鼓楼区,鼓楼区驴子巷34号,"118.748627,32.089894"
310,2022-12-02,鼓楼区,鼓楼区洪庙巷14号,"118.763175,32.086873"
311,2022-12-02,鼓楼区,鼓楼区南瑞路6号保利和光晨樾,"118.772224,32.081103"
312,2022-12-02,鼓楼区,鼓楼区卢龙山庄,"118.753781,32.095176"
313,2022-12-02,鼓楼区,鼓楼区恒盛嘉园,"118.771036,32.101980"
314,2022-12-02,浦口区,江北新区天润城四街区,"118.642982,32.036529"
315,2022-12-02,江宁区,博恩花园 (翠屏城) ,"118.857902,31.795220"
316,2022-12-02,六合区,江北新区尚品馨苑,"118.743915,32.236078"
317,2022-12-02,六合区,江北新区草芳新苑,"118.735319,32.217975"
318,2022-12-02,江宁区,江宁区天鹅湖花园,"118.866086,31.956375"
319,2022-12-02,江宁区,江宁区天元路228号曼驼罗精品酒店,"118.865009,31.936342"
320,2022-12-02,秦淮区,秦淮区仁寿里30号,"118.798587,32.036123"
321,2022-12-02,栖霞区,栖霞区南炼二村,"118.933837,32.154753"
322,2022-12-02,栖霞区,栖霞区和燕路319号林景瑞园,"118.812993,32.112391"
323,2022-12-02,栖霞区,栖霞区八卦洲双柳村7号,"118.801540,32.186130"
324,2022-12-02,栖霞区,栖霞区紫金北郡,"118.868554,32.114732"
325,2022-12-02,雨花台区,雨花台区三鸿路6号人才公寓,"118.635505,31.932285"
326,2022-12-02,雨花台区,雨花台区小行路158号理想家青年公寓,"118.739832,31.977964"
327,2022-12-02,江宁区,江宁区翠屏诚园,"118.832007,31.872626"
328,2022-12-02,江宁区,江宁区凤仪苑,"118.556445,31.802332"
329,2022-12-02,江宁区,江宁区文博苑,"118.911097,31.904851"
330,2022-12-02,江宁区,江宁区天泽苑,"118.851290,31.918865"
331,2022-12-02,江宁区,江宁区托乐嘉花园小区睦邻居,"118.784958,31.945507"
332,2022-12-02,江宁区,江宁区正方石材市场A区,"118.798867,31.831570"
333,2022-12-02,鼓楼区,鼓楼区金川门19号,"118.759260,32.084340"
334,2022-12-02,鼓楼区,鼓楼区三牌楼190号,"118.768530,32.076716"
335,2022-12-02,六合区,六合区维也纳酒店（龙池地铁站店）,"118.821666,32.319372"
336,2022-12-02,建邺区,建邺区碧瑶花园-熙苑,"118.712945,32.005989"
337,2022-12-02,秦淮区,秦淮区阳光里,"118.803210,31.997730"
338,2022-12-02,鼓楼区,鼓楼区三牌楼大街172号,"118.764115,32.081000"
339,2022-12-02,鼓楼区,鼓楼区建宁路57号,"118.771216,32.090967"
340,2022-12-02,浦口区,江北新区明发滨江新城,"118.744443,32.131980"
341,2022-12-02,雨花台区,江苏传媒学校6号宿舍楼,"118.791314,31.991978"
342,2022-12-02,雨花台区,雨花台区亲亲宾馆,"118.756372,31.989141"
343,2022-12-02,雨花台区,雨花台区亲亲宾馆,"118.756372,31.989141"
344,2022-12-02,秦淮区,秦淮区雅居乐花园,"118.799085,32.009056"
345,2022-12-02,秦淮区,秦淮区皇册家园,"118.777384,32.021908"
346,2022-12-02,江宁区,江宁区葛洲坝紫郡府,"118.839685,31.953702"
347,2022-12-02,秦淮区,秦淮区苜中路1号,"118.834791,32.035086"
348,2022-12-02,江宁区,江宁区博恩花园（翠屏城）,"118.857902,31.795220"
349,2022-12-01,栖霞区,栖霞区五福家园柳苑,"118.950452,32.154672"
350,2022-12-01,浦口区,江北新区北外滩水城十九街区,"118.755310,32.143132"
351,2022-12-01,栖霞区,栖霞区金山花苑,"118.840327,32.114692"
352,2022-12-01,栖霞区,栖霞区燕鸣苑,"118.909246,32.096228"
353,2022-12-01,栖霞区,栖霞区燕雅苑,"118.845987,32.134604"
354,2022-12-01,栖霞区,栖霞区五福家园柳苑,"118.950452,32.154672"
355,2022-12-01,江宁区,南京圣可尼服饰实业有限公司宿舍（天旺路9号）,"118.922581,32.037883"
356,2022-12-01,六合区,江北新区草芳新苑,"118.735319,32.217975"
357,2022-12-01,秦淮区,秦淮区升州路18号,"118.783577,32.023472"
358,2022-12-01,雨花台区,雨花台区铁心桥大街6号凤翔花园三期,"118.760583,31.965384"
359,2022-12-01,江宁区,江宁区天鹅湖花园,"118.866086,31.956375"
360,2022-12-01,江宁区,江宁区新城珑湾花园,"118.828741,31.905532"
361,2022-12-01,鼓楼区,鼓楼区驴子巷34号,"118.748627,32.089894"
362,2022-12-01,栖霞区,栖霞区丽岛新城,"118.815665,32.174319"
363,2022-12-01,栖霞区,栖霞区丽岛新城,"118.815665,32.174319"
364,2022-12-01,栖霞区,栖霞区晓庄村57号,"118.807184,32.119214"
365,2022-12-01,栖霞区,栖霞区燕雅苑,"118.845987,32.134604"
366,2022-12-01,浦口区,江北新区碧泉嘉园,"118.642982,32.036529"
367,2022-12-01,江宁区,江宁区托乐嘉花园小区睦邻居,"118.784958,31.945507"
368,2022-12-01,江宁区,江宁区庆缘北路39号,"118.691235,31.869446"
369,2022-12-01,栖霞区,栖霞区水田村118号十月军校宿舍,"118.859489,32.099530"
370,2022-12-01,秦淮区,秦淮区汇景家园汇安苑,"118.813460,31.983338"
371,2022-12-01,鼓楼区,鼓楼区盐西街16巷,"118.749055,32.090038"
372,2022-12-01,建邺区,建邺区精金花园,"118.729498,32.028728"
373,2022-12-01,栖霞区,栖霞区水田村118号十月军校宿舍,"118.859489,32.099530"
374,2022-12-01,浦口区,江北新区威尼斯水城十九街区,"118.752089,32.143145"
375,2022-12-01,栖霞区,栖霞区凤梧园,"118.909246,32.096228"
376,2022-11-30,栖霞区,栖霞区悦客假日酒店,"118.842106,32.121146"
377,2022-11-30,栖霞区,栖霞区燕子矶山河苑,"118.817162,32.145916"
378,2022-11-30,栖霞区,栖霞区南大和园青年教师公寓,"118.963016,32.108092"
379,2022-11-30,建邺区,建邺区江湾城三期,"118.711140,31.995350"
380,2022-11-30,江宁区,江宁区东郊小镇11街区,"118.945686,32.064971"
381,2022-11-30,六合区,六合区幸福家园,"118.849962,32.360247"
382,2022-11-30,浦口区,江北新区明发滨江新城二期东区,"118.747664,32.130849"
383,2022-11-30,江宁区,江宁区殷巷新寓,"118.837215,31.913957"
384,2022-11-30,江宁区,江宁区龙湖新壹城,"118.904105,31.912835"
385,2022-11-30,雨花台区,雨花台区善水湾花园小区,"118.728914,31.950997"
386,2022-11-30,江宁区,江宁区天景山公寓如意苑,"118.884369,31.945856"
387,2022-11-30,江宁区,江宁区北沿路157号,"118.833568,31.957511"
388,2022-11-30,鼓楼区,鼓楼区驴子巷34号,"118.748627,32.089894"
389,2022-11-30,浦口区,江北新区正荣润锦城,"118.673422,32.068641"
390,2022-11-30,六合区,江北新区草芳新苑,"118.735319,32.217975"
391,2022-11-30,江宁区,江宁区方山音乐谷宿舍,"118.839685,31.953702"
392,2022-11-30,江宁区,江宁区龙庭水岸家园,"118.904988,31.902658"
393,2022-11-30,鼓楼区,鼓楼区世茂外滩新城,"118.735281,32.080007"
394,2022-11-30,鼓楼区,鼓楼区幕府佳园,"118.772405,32.109229"
395,2022-11-30,栖霞区,栖霞区保利国际社区二期,"118.909246,32.096228"
396,2022-11-30,栖霞区,栖霞区保利国际社区二期,"118.909246,32.096228"
397,2022-11-30,栖霞区,栖霞区金山花苑,"118.840327,32.114692"
398,2022-11-30,栖霞区,栖霞区星叶瑜憬湾,"118.824747,32.105403"
399,2022-11-30,栖霞区,栖霞区星叶瑜憬湾,"118.824747,32.105403"
400,2022-11-30,栖霞区,栖霞区金山花苑,"118.840327,32.114692"
401,2022-11-30,栖霞区,栖霞区尧顺佳园2期,"118.891464,32.126145"
402,2022-11-30,浦口区,江北新区滨江雅园,"118.642982,32.036529"
403,2022-11-30,江宁区,江宁区东郊小镇11街区,"118.945686,32.064971"
404,2022-11-30,栖霞区,栖霞区水田村118号十月军校宿舍,"118.859489,32.099530"
405,2022-11-30,秦淮区,秦淮区苜中路1号,"118.834791,32.035086"
406,2022-11-30,秦淮区,秦淮区汇景家园汇安苑,"118.813460,31.983338"
407,2022-11-30,雨花台区,雨花台区龙藏大道212号,"118.646681,31.932473"
408,2022-11-30,雨花台区,雨花台区凤台南路88号花语江南,"118.754182,31.997823"
409,2022-11-29,秦淮区,秦淮区花季酒店,"118.794744,32.039133"
410,2022-11-29,鼓楼区,南京艺术学院44号楼,"118.751669,32.064962"
411,2022-11-29,江宁区,江宁区谷里工业园南京九州焊接机械有限公司宿舍,"118.693104,31.870637"
412,2022-11-29,江宁区,江宁区天鹅湖花园,"118.866086,31.956375"
413,2022-11-29,秦淮区,秦淮区花季酒店,"118.794744,32.039133"
414,2022-11-29,栖霞区,栖霞区中垠紫金观邸,"118.893844,32.047626"
415,2022-11-29,江宁区,江宁区玛斯兰德百香果,"118.781433,31.950405"
416,2022-11-29,江宁区,江宁区东城金茂悦,"118.878340,31.968154"
417,2022-11-29,江宁区,栖霞区瑾家公寓（麒麟科创园店）,"118.888005,32.012754"
418,2022-11-29,溧水区,溧水区永中大街寺桥109号,"119.021834,31.649773"
419,2022-11-29,雨花台区,雨花台区阅城国际花园怡然园,"118.780152,31.985189"
420,2022-11-29,雨花台区,雨花台区雨花西路210号苏岚大厦,"118.767851,31.999918"
421,2022-11-29,江宁区,江宁区保利梧桐语,"118.911225,31.893743"
422,2022-11-29,江宁区,江宁区建兴街2号,"118.837994,31.834388"
423,2022-11-29,雨花台区,远东假日酒店,"118.799928,31.984997"
424,2022-11-29,浦口区,江北新区卓越蔚蓝星宸苑,"118.642982,32.036529"
425,2022-11-29,玄武区,莫泰酒店（夫子庙地铁站店）,"118.826164,32.039135"
426,2022-11-29,栖霞区,八卦洲大沙东村,"118.820232,32.174065"
427,2022-11-29,江宁区,江宁区盛世嘉苑1期,"118.605630,31.859445"
428,2022-11-29,江宁区,江宁区万安社区堰埠头54号,"118.926101,31.845498"
429,2022-11-29,浦口区,浦口区雍宁府,"118.627895,32.059093"
430,2022-11-29,鼓楼区,中大医院北院康复科,"118.780452,32.077163"
431,2022-11-28,六合区,六合区复兴西苑,"118.826695,32.346740"
432,2022-11-28,鼓楼区,鼓楼区中大医院北院,"118.780452,32.077163"
433,2022-11-28,江宁区,江宁区孟墓社区神童村,"119.018301,31.976971"
434,2022-11-28,浦口区,江北新区湖滨村（湖滨路12号）,"118.740880,32.198837"
435,2022-11-28,鼓楼区,鼓楼区中大医院北院,"118.780452,32.077163"
436,2022-11-28,雨花台区,雨花台区全季酒店（南京南站南广场店）,"118.797788,31.976294"
437,2022-11-28,建邺区,建邺区天鹅堡花园,"118.757132,32.011386"
438,2022-11-28,玄武区,玄武区环陵路7号钟山高尔夫一期,"118.870967,32.082308"
439,2022-11-28,江宁区,江宁区中航樾府,"118.797705,31.931479"
440,2022-11-28,江宁区,南京工程高等职业学校,"118.828121,31.930501"
441,2022-11-28,鼓楼区,鼓楼区虎踞北路4号,"118.756280,32.062200"
442,2022-11-28,六合区,六合区复兴西苑,"118.826695,32.346740"
443,2022-11-28,鼓楼区,鼓楼区燕江路江山汇小区,"118.762639,32.111455"
444,2022-11-28,玄武区,玄武区环陵路7号钟山高尔夫一期,"118.870967,32.082308"
445,2022-11-28,浦口区,江北新区湖滨村（湖滨路12号）,"118.740880,32.198837"
446,2022-11-28,浦口区,江北新区旭日爱上城彩翼园,"118.717264,32.128218"
447,2022-11-28,江宁区,南京工程高等职业学校,"118.828121,31.930501"
448,2022-11-28,栖霞区,栖霞区五福家园柳苑,"118.950452,32.154672"
449,2022-11-28,浦口区,江北新区明发滨江新城二期,"118.744874,32.130626"
450,2022-11-28,六合区,江北新区山潘一村,"118.763174,32.234094"
451,2022-11-28,栖霞区,栖霞区文苑路1号,"118.911049,32.106163"
452,2022-11-28,栖霞区,栖霞区南大和园,"118.960822,32.105448"
453,2022-11-28,鼓楼区,南京艺术学院44号楼,"118.751669,32.064962"
454,2022-11-28,浦口区,江北新区花漾紫郡,"118.712020,32.183017"
455,2022-11-28,雨花台区,雨花台区西柿路9号明尚西苑,"118.694740,31.943582"
456,2022-11-28,秦淮区,秦淮区琵琶小区,"118.790289,32.017118"
457,2022-11-27,江宁区,南京工程高等职业学校,"118.828121,31.930501"
458,2022-11-27,秦淮区,秦淮区洪武街道升州路18号,"118.783577,32.023472"
459,2022-11-27,江宁区,江宁区建兴街1号,"118.838250,31.834500"
460,2022-11-27,浦口区,浦口区上河街7号,"118.631128,32.053242"
461,2022-11-27,江宁区,江宁区东秦新苑,"118.824662,31.965465"
462,2022-11-27,江宁区,江宁区东红花苑,"118.775572,31.871575"
463,2022-11-27,秦淮区,秦淮区饮虹园小区,"118.792339,32.014880"
464,2022-11-27,鼓楼区,鼓楼区虎踞北路4号,"118.756280,32.062200"
465,2022-11-27,浦口区,湖滨村（湖滨路12号）,"118.740880,32.198837"
466,2022-11-27,浦口区,江北新区卓越蔚蓝星宸苑,"118.642982,32.036529"
467,2022-11-27,浦口区,江北新区江山路10号朗诗红树林小区,"118.735507,32.128947"
468,2022-11-27,浦口区,江北新区卓越蔚蓝星宸苑,"118.642982,32.036529"
469,2022-11-27,浦口区,江北新区卓越蔚蓝星宸苑,"118.642982,32.036529"
470,2022-11-27,江宁区,江宁区中航樾府,"118.797705,31.931479"
471,2022-11-27,鼓楼区,鼓楼区育才公寓,"118.729486,32.046012"
472,2022-11-27,鼓楼区,南京艺术学院44号楼,"118.751669,32.064962"
473,2022-11-27,浦口区,江北新区天润城七街区,"118.726387,32.144912"
474,2022-11-27,江宁区,南京工程高等职业学校,"118.828121,31.930501"
475,2022-11-27,江宁区,江宁区银城旭辉云台天境,"118.839685,31.953702"
476,2022-11-27,溧水区,溧水区中大街寺桥109号,"119.021834,31.649773"
477,2022-11-27,江宁区,江宁区北沿路157号,"118.833568,31.957511"
478,2022-11-27,溧水区,溧水区秋湖佳苑1期,"119.028280,31.651133"
479,2022-11-27,栖霞区,栖霞区花港鸿福城锦山园,"118.909246,32.096228"
480,2022-11-27,鼓楼区,鼓楼区苏宁碧瑰园,"118.772278,32.064880"
481,2022-11-27,江宁区,江宁区孟墓社区陆家村,"119.016526,31.984366"
482,2022-11-26,江宁区,江宁区中航樾府,"118.797705,31.931479"
483,2022-11-26,鼓楼区,南京艺术学院44号楼,"118.751669,32.064962"
484,2022-11-26,江宁区,雨花台区证大喜玛拉雅中心-A座,"118.804590,31.966513"
485,2022-11-26,浦口区,湖滨村（湖滨路12号）,"118.740880,32.198837"
486,2022-11-26,鼓楼区,鼓楼区中海凤凰熙岸,"118.755868,32.044537"
487,2022-11-26,鼓楼区,鼓楼区中大医院北院,"118.780452,32.077163"
488,2022-11-26,浦口区,江北新区卓越蔚蓝星宸苑,"118.642982,32.036529"
489,2022-11-26,江宁区,江宁区誉峰苑,"118.839685,31.953702"
490,2022-11-26,江宁区,江宁区中航樾府,"118.797705,31.931479"
491,2022-11-26,六合区,六合区花语馨苑,"118.829557,32.324435"
492,2022-11-26,六合区,六合区花语馨苑,"118.829557,32.324435"
493,2022-11-26,六合区,六合区天石路24号,"118.940158,32.324934"
494,2022-11-26,六合区,六合区天石路24号,"118.940158,32.324934"
495,2022-11-26,六合区,六合区天石路24号,"118.940158,32.324934"
496,2022-11-26,六合区,六合区石林中心城,"118.832765,32.327068"
497,2022-11-26,六合区,六合区茉莉北苑,"118.808071,32.331693"
498,2022-11-26,秦淮区,秦淮区苜中路1号,"118.834791,32.035086"
499,2022-11-26,秦淮区,秦淮区苜中路1号,"118.834791,32.035086"
500,2022-11-26,浦口区,江北新区威尼斯水城十九街区,"118.752089,32.143145"
501,2022-11-26,江宁区,江宁区珑玥名邸,"118.839685,31.953702"
502,2022-11-26,六合区,江北新区仁锦苑,"118.725210,32.221016"
503,2022-11-26,浦口区,江北新区北外滩水城六街区,"118.752338,32.143710"
504,2022-11-26,浦口区,江北新区盘龙山庄,"118.729607,32.199494"
505,2022-11-26,江宁区,南京工程高等职业学校,"118.828121,31.930501"
506,2022-11-26,鼓楼区,鼓楼区燕江路江山汇小区,"118.762639,32.111455"
507,2022-11-26,秦淮区,秦淮区大光路宏鹰花园,"118.810314,32.022717"
508,2022-11-26,鼓楼区,鼓楼区中海凤凰熙岸三期,"118.757664,32.043973"
509,2022-11-26,鼓楼区,鼓楼区宏图香榭里,"118.737799,32.052950"
510,2022-11-26,鼓楼区,鼓楼区幕府佳园,"118.772405,32.109229"
511,2022-11-26,鼓楼区,鼓楼区黄方村1号,"118.789336,32.113301"
512,2022-11-26,浦口区,江北新区江山路10号朗诗红树林,"118.735507,32.128947"
513,2022-11-26,鼓楼区,江苏卫生健康职业学院（凤凰西街校区）,"118.750147,32.043681"
514,2022-11-26,玄武区,栖霞区仙隐南路2号仙龙湾,"118.912607,32.085496"
515,2022-11-26,浦口区,湖滨村（湖滨路12号）,"118.740880,32.198837"
516,2022-11-26,浦口区,明发滨江新城三期,"118.749203,32.133872"
517,2022-11-26,栖霞区,栖霞区玉兰公馆1期,"118.829241,32.137042"
518,2022-11-26,鼓楼区,中大医院北院,"118.780452,32.077163"
519,2022-11-26,玄武区,玄武区环陵路7号钟山高尔夫一期,"118.870967,32.082308"
520,2022-11-26,秦淮区,秦淮区三条巷137号,"118.801241,32.039206"
521,2022-11-26,秦淮区,秦淮区绒庄新村,"118.781191,32.029479"
522,2022-11-26,栖霞区,江宁区麒麟门贺家边40号,"118.923388,32.056445"
523,2022-11-26,高淳区,高淳区固城湖佳苑,"118.878586,31.321716"
524,2022-11-25,秦淮区,秦淮区西华门东村,"118.807059,32.039074"
525,2022-11-25,浦口区,江北新区盘龙山庄,"118.729607,32.199494"
526,2022-11-25,玄武区,秦淮区中山东路482号全季酒店（大行宫店）,"118.806963,32.047822"
527,2022-11-25,江宁区,南京工程高等职业学校,"118.828121,31.930501"
528,2022-11-25,秦淮区,秦淮区西华门东村,"118.807059,32.039074"
529,2022-11-25,秦淮区,秦淮区苜中路1号,"118.834791,32.035086"
530,2022-11-25,六合区,六合区雨庭花园,"118.832560,32.322424"
531,2022-11-25,六合区,六合区花语馨苑,"118.829557,32.324435"
532,2022-11-25,六合区,六合区沪江商贸城D区,"118.786198,32.300760"
533,2022-11-25,江宁区,江宁区孟墓社区神童村,"119.018301,31.976971"
534,2022-11-25,秦淮区,秦淮区御道街友谊村,"118.819232,32.022110"
535,2022-11-25,浦口区,威尼斯水城九街区,"118.754209,32.141840"
536,2022-11-25,浦口区,泰山街道浦泰和天下二期,"118.739078,32.133197"
537,2022-11-25,浦口区,江北新区旭日爱上城,"118.724067,32.125423"
538,2022-11-25,六合区,六合区横梁街道天石路24号,"118.940158,32.324934"
539,2022-11-25,六合区,江北新区仁锦苑A区,"118.724451,32.219406"
540,2022-11-25,浦口区,江北新区北外滩水城八街区,"118.755310,32.143132"
541,2022-11-25,秦淮区,秦淮区大光路宏鹰花园,"118.810314,32.022717"
542,2022-11-25,鼓楼区,鼓楼区方家营路3号锦绣江山花园南苑,"118.750854,32.102064"
543,2022-11-25,鼓楼区,鼓楼区中大医院北院,"118.780452,32.077163"
544,2022-11-25,鼓楼区,鼓楼区虎踞北路4号,"118.756280,32.062200"
545,2022-11-25,鼓楼区,鼓楼区头所村90号,"118.759881,32.090557"
546,2022-11-25,江宁区,南京工程高等职业学校,"118.828121,31.930501"
547,2022-11-25,江宁区,江宁区苍穹路8号圆通公司宿舍楼,"119.061992,31.937488"
548,2022-11-25,建邺区,建邺区凤凰和熙,"118.738615,32.016576"
549,2022-11-25,玄武区,玄武区黄埔花园,"118.812583,32.042550"
550,2022-11-25,秦淮区,玄武区桔子酒店（玄武湖店）,"118.801890,32.039959"
551,2022-11-25,江宁区,江宁区誉峰苑,"118.839685,31.953702"
552,2022-11-25,江宁区,江宁区中航樾府,"118.797705,31.931479"
553,2022-11-25,秦淮区,秦淮区御道街28号曙光新村小区,"118.816957,32.036053"
554,2022-11-25,秦淮区,秦淮区三条巷97号,"118.800451,32.038710"
555,2022-11-25,秦淮区,秦淮区瑞金路1-58号,"118.808469,32.032435"
556,2022-11-25,玄武区,玄武区东大影壁小区,"118.803429,32.047913"
557,2022-11-25,浦口区,浦口区同心社区江佑铂庭,"118.648512,32.062838"
558,2022-11-25,秦淮区,秦淮区御道嘉庭,"118.794744,32.039133"
559,2022-11-24,秦淮区,秦淮区中航金城1号南区,"118.803520,32.035244"
560,2022-11-24,秦淮区,秦淮区瑞金路1-58号楼,"118.808728,32.032663"
561,2022-11-24,浦口区,江北新区泰山街道明发滨江新城二期,"118.744874,32.130626"
562,2022-11-24,江宁区,江宁区远洋风景名邸东苑,"118.839685,31.953702"
563,2022-11-24,鼓楼区,鼓楼区铁路南街49号,"118.770257,32.076217"
564,2022-11-24,玄武区,玄武区中电颐和家园,"118.813645,32.094763"
565,2022-11-24,江宁区,江宁区欧陆经典花园,"118.803670,31.945142"
566,2022-11-24,鼓楼区,江苏卫生健康职业学院（凤凰西街校区）,"118.750147,32.043681"
567,2022-11-24,浦口区,江北新区朗诗未来街区二期,"118.714057,32.187180"
568,2022-11-24,秦淮区,秦淮区瑞金路1-58号楼,"118.808728,32.032663"
569,2022-11-24,六合区,江北新区仁锦苑A区,"118.724451,32.219406"
570,2022-11-24,浦口区,江北新区北外滩水城八街区,"118.755310,32.143132"
571,2022-11-24,江宁区,江宁区苏源大厦,"118.806535,31.905284"
572,2022-11-24,栖霞区,栖霞区银贡山庄D区,"118.861495,32.113236"
573,2022-11-24,鼓楼区,鼓楼区燕江路江山汇小区,"118.762639,32.111455"
574,2022-11-24,鼓楼区,鼓楼区燕江路江山汇小区,"118.762639,32.111455"
575,2022-11-24,雨花台区,雨花台区西善桥北路91号,"118.722343,31.964865"
576,2022-11-24,江宁区,南京工程高等职业学校,"118.828121,31.930501"
577,2022-11-24,江宁区,南京工程高等职业学校,"118.828121,31.930501"
578,2022-11-24,江宁区,雨花台区万科大都会,"118.810224,31.968819"
579,2022-11-24,六合区,六合区长山社区蒋巷57号,"118.908298,32.410867"
580,2022-11-23,溧水区,溧水区汇景苑,"119.039464,31.631463"
581,2022-11-23,六合区,江北新区葛中南路仁锦苑A区,"118.724451,32.219406"
582,2022-11-23,浦口区,江北新区北外滩水城一街区,"118.755310,32.143132"
583,2022-11-23,浦口区,江北新区雅居乐滨江国际三期,"118.672620,32.061113"
584,2022-11-23,江宁区,江宁区高尔夫国际花园,"118.806151,31.936816"
585,2022-11-23,江宁区,江宁区振容路康居园,"118.698944,31.869097"
586,2022-11-23,江宁区,江宁区苍穹路8号圆通公司宿舍楼,"119.061992,31.937488"
587,2022-11-23,鼓楼区,鼓楼区玉泉路13号院,"118.767024,32.059587"
588,2022-11-23,鼓楼区,鼓楼区安怀村460-1号北固戎院,"118.790051,32.103704"
589,2022-11-23,鼓楼区,鼓楼区三所村9号,"118.756322,32.095274"
590,2022-11-23,鼓楼区,鼓楼区黄方村1号小区,"118.789369,32.113211"
591,2022-11-23,鼓楼区,鼓楼区方家营路3号锦绣江山花园南苑,"118.750854,32.102064"
592,2022-11-23,江宁区,江宁区庆缘北路39号,"118.691235,31.869446"
593,2022-11-23,浦口区,江北新区大桥北路20号江畔明珠,"118.733137,32.129420"
594,2022-11-23,玄武区,玄武区华山饭店,"118.805552,32.052019"
595,2022-11-23,浦口区,江北新区北外滩水城八街区,"118.755310,32.143132"
596,2022-11-23,浦口区,江北新区盘龙山庄,"118.729607,32.199494"
597,2022-11-23,浦口区,江北新区泰山街道旭日爱上城彩翼园22栋,"118.716153,32.130349"
598,2022-11-23,浦口区,江北新区银河城,"118.642982,32.036529"
599,2022-11-23,六合区,六合区金塔路27号,"118.937142,32.413019"
600,2022-11-23,六合区,六合区龙海骏景,"118.861177,32.343546"
601,2022-11-23,六合区,六合区花语馨苑,"118.829557,32.324435"
602,2022-11-23,秦淮区,秦淮区长白街332号小区,"118.795955,32.030442"
603,2022-11-23,秦淮区,秦淮区蔚蓝星座,"118.798414,32.006442"
604,2022-11-23,秦淮区,秦淮区龙蟠中路459号白露新寓,"118.802326,32.017492"
605,2022-11-23,秦淮区,秦淮区鼎新路1号天安•恒隆花园,"118.776517,32.027507"
606,2022-11-23,秦淮区,秦淮区御河新村,"118.807582,32.030592"
607,2022-11-23,玄武区,玄武区黄埔花园,"118.812583,32.042550"
608,2022-11-23,秦淮区,秦淮区中山东路482号全季酒店大行宫店,"118.802160,32.039648"
609,2022-11-23,秦淮区,秦淮区中山东路526号御道街小区,"118.815816,32.038391"
610,2022-11-23,六合区,六合龙池街道龙港乐园工地,"118.802969,32.322882"
611,2022-11-23,建邺区,建邺区金沙江东街89号保利香槟,"118.717494,31.981147"
612,2022-11-23,鼓楼区,中大医院北院,"118.780452,32.077163"
613,2022-11-23,江宁区,江宁区吉景街10号远洋风景名邸东苑,"118.839685,31.953702"
614,2022-11-23,江宁区,江宁区苍穹路8号圆通公司宿舍楼,"119.061992,31.937488"
615,2022-11-23,江宁区,江宁区秣周东路12号悠家公寓,"118.826270,31.867833"
616,2022-11-23,六合区,江北新区大厂街道新华六村22栋,"118.744621,32.224308"
617,2022-11-23,秦淮区,秦淮区中山东路解放路6号小区,"118.810090,32.039190"
618,2022-11-22,六合区,四桥服务区,"118.961949,32.224520"
619,2022-11-22,浦口区,天华东路98号,"118.750548,32.147570"
620,2022-11-22,浦口区,江北新区北外滩水城一街区,"118.755310,32.143132"
621,2022-11-22,玄武区,玄武区华泰苑,"118.828170,32.083307"
622,2022-11-22,玄武区,玄武区翠屏紫气钟山,"118.895658,32.085995"
623,2022-11-22,浦口区,江北新区浦口火车站,"118.642982,32.036529"
624,2022-11-22,建邺区,建邺区集庆门大街219号星雨华府,"118.735808,32.027150"
625,2022-11-22,建邺区,建邺区庐山路288号河西汇豪行政公馆,"118.711533,31.980575"
626,2022-11-22,建邺区,建邺区水西门大街207号湖心花园,"118.752930,32.032799"
627,2022-11-22,鼓楼区,鼓楼区建设新村,"118.783132,32.082244"
628,2022-11-22,玄武区,鼓楼区喜年花生唐4栋B6优家公寓,"118.788158,32.054156"
629,2022-11-22,江宁区,雨花台区博爱街36号万科大都会D区,"118.810224,31.968819"
630,2022-11-22,秦淮区,秦淮区中山东路小区长白街654号楼,"118.799124,32.039136"
631,2022-11-22,秦淮区,秦淮区苜蓿园大街246号,"118.831191,32.025096"
632,2022-11-22,鼓楼区,鼓楼区二条巷8号,"118.801474,32.035631"
633,2022-11-22,建邺区,建邺区月安街50号汇锦国际,"118.723546,32.023326"
634,2022-11-22,江宁区,江宁区孟墓社区神童村,"119.018301,31.976971"
635,2022-11-22,玄武区,玄武区红山路159号御林山庄,"118.807005,32.094510"
636,2022-11-22,秦淮区,玄武区明故宫路15号,"118.814994,32.043611"
637,2022-11-22,江宁区,江宁区武夷花园,"118.830295,31.957096"
638,2022-11-22,浦口区,浦口火车站,"118.721374,32.096167"
639,2022-11-22,浦口区,江北新区明发滨江新城二期,"118.744874,32.130626"
640,2022-11-22,浦口区,江北新区北外滩水城一街区,"118.755310,32.143132"
641,2022-11-22,浦口区,江北新区天润城八街区,"118.642982,32.036529"
642,2022-11-22,浦口区,江北新区天润城八街区,"118.642982,32.036529"
643,2022-11-22,秦淮区,秦淮区武学园2号,"118.785943,32.033389"
644,2022-11-22,雨花台区,雨花台区翠岭苑,"118.754685,31.951624"
645,2022-11-22,秦淮区,秦淮区头条巷50号逸仙名居,"118.803132,32.039061"
646,2022-11-22,秦淮区,秦淮区苜蓿园大街66号,"118.831585,32.031835"
647,2022-11-22,玄武区,玄武区樱铁村36栋,"118.827693,32.087088"
648,2022-11-22,鼓楼区,中大医院北院,"118.780452,32.077163"
649,2022-11-22,栖霞区,鼓楼区东景村,"118.806332,32.101028"
650,2022-11-21,浦口区,江北新区泰山街道浦口火车站,"118.642982,32.036529"
651,2022-11-21,浦口区,江北新区泰山街道万江共和新城人和苑,"118.703173,32.111654"
652,2022-11-21,浦口区,江北新区沿江街道香溢紫郡二期,"118.698422,32.180337"
653,2022-11-21,溧水区,溧水区永阳街道御景仕家3期,"119.044331,31.659977"
654,2022-11-21,浦口区,江北新区泰山街道明发滨江新城二期,"118.744874,32.130626"
655,2022-11-21,浦口区,浦口区江浦街道雅居乐雅尊府,"118.672540,32.060486"
656,2022-11-21,玄武区,玄武区龙宫路钟山花园城博雅居,"118.846630,32.029964"
657,2022-11-21,栖霞区,栖霞区燕子矶街道保利国际社区一期,"118.820266,32.136526"
658,2022-11-21,栖霞区,栖霞区迈皋桥街道星叶瑜憬湾,"118.824747,32.105403"
659,2022-11-21,建邺区,建邺区彩虹苑路边停车场,"118.714492,32.011096"
660,2022-11-21,浦口区,江北新区泰山街道明发滨江新城二期,"118.744874,32.130626"
661,2022-11-21,六合区,六合区冶山街道椿树庄2号,"118.891098,32.534724"
662,2022-11-21,江宁区,江宁区禄口街道苍穹路8号圆通公司宿舍楼,"119.061992,31.937488"
663,2022-11-20,浦口区,江北新区沿江街道北外滩水城一街区,"118.755310,32.143132"
664,2022-11-20,鼓楼区,鼓楼区宝塔桥街道金陵新九村小区,"118.759512,32.110459"
665,2022-11-19,江宁区,启润食品有限公司（江宁区银杏湖大道）,"118.746044,31.822183"
666,2022-11-19,栖霞区,杨铭宇黄焖鸡米饭（谷里店）,"118.874206,32.110447"
667,2022-11-19,鼓楼区,鼓楼区江东街道银城花园,"118.731080,32.052846"
668,2022-11-19,玄武区,玄武区维景国际大酒店,"118.823349,32.039878"
669,2022-11-18,浦口区,江北新区沿江街道北外滩水城十六街区,"118.755310,32.143132"
670,2022-11-18,江宁区,江宁区秣陵街道合家春天小区,"118.841841,31.911888"
671,2022-11-18,浦口区,江北新区沿江街道润泰（六、七期）地块经济适用房项目工地员工宿舍,"118.642982,32.036529"
672,2022-11-18,鼓楼区,鼓楼区宝塔桥街道区燕江路106号,"118.767111,32.113577"
673,2022-11-18,六合区,六合区龙池街道莉湖花园,"118.835940,32.319728"
674,2022-11-18,浦口区,江北新区沿江街道香溢紫郡二期,"118.698422,32.180337"
675,2022-11-17,江宁区,江宁区谷里街道塘头徐,"118.679220,31.889194"
676,2022-11-17,建邺区,建邺区南苑街道安国村,"118.753148,32.024840"
677,2022-11-17,雨花台区,雨花台区铁心桥街道莱蒙水榭阳光小区,"118.752933,31.947134"
678,2022-11-17,秦淮区,秦淮区肆鸽酒店式公寓（复地活力广场S2-1单元）,"118.794744,32.039133"
679,2022-11-17,六合区,六合区龙池街道莉湖花园,"118.835940,32.319728"
680,2022-11-17,鼓楼区,鼓楼区金陵新九村小区,"118.759512,32.110459"
681,2022-11-17,鼓楼区,鼓楼区黄家圩54号,"118.795932,32.094342"
682,2022-11-07,栖霞区,栖霞区迈皋桥街道凤和东园,"118.810117,32.106665"
683,2022-11-07,栖霞区,栖霞区迈皋桥街道燕舞园,"118.853609,32.115744"
684,2022-11-06,栖霞区,栖霞区尧化街道三元家园,"118.881269,32.114467"
685,2022-11-05,栖霞区,栖霞区迈皋桥街道燕歌园,"118.856947,32.114936"
686,2022-11-05,栖霞区,栖霞区迈皋桥街道燕歌园,"118.856947,32.114936"
687,2022-11-04,栖霞区,栖霞区尧化街道和苑小区,"118.886370,32.132317"
688,2022-11-04,鼓楼区,鼓楼区幕府山街道云谷山庄,"118.789479,32.115527"
689,2022-11-04,栖霞区,栖霞区燕子矶街道燕江新城山水苑,"118.842270,32.130087"
690,2022-11-04,栖霞区,栖霞区尧化街道金尧花园,"118.873952,32.122341"
691,2022-11-03,栖霞区,栖霞区迈皋桥街道馨合家园,"118.859375,32.105743"
692,2022-11-03,栖霞区,栖霞区尧化街道月桂园,"118.867848,32.117816"
693,2022-11-03,栖霞区,栖霞区燕子矶街道燕归苑,"118.842375,32.129929"
694,2022-11-03,栖霞区,栖霞区迈皋桥街道燕舞园,"118.853609,32.115744"
695,2022-11-03,栖霞区,栖霞区迈皋桥街道燕舞园,"118.853609,32.115744"
696,2022-11-03,栖霞区,栖霞区迈皋桥街道燕歌园,"118.856947,32.114936"
697,2022-11-02,江宁区,江宁区麒麟街道后村东,"118.965105,32.061298"
698,2022-11-02,栖霞区,栖霞区铁路货运尧化门站货场宿舍,"118.877469,32.121901"
699,2022-11-02,鼓楼区,鼓楼区幕府山街道盛世花园,"118.792137,32.113383"
700,2022-11-02,栖霞区,栖霞区迈皋桥街道馨合家园,"118.859375,32.105743"
701,2022-11-02,栖霞区,栖霞区燕子矶街道联珠村31号,"118.815376,32.131919"
702,2022-11-02,栖霞区,栖霞区燕子矶街道化工新村,"118.817298,32.134013"
703,2022-11-02,栖霞区,栖霞区燕子矶街道燕雅苑,"118.845987,32.134604"
704,2022-11-02,江宁区,江宁区麒麟街道锦绣花园,"118.933375,32.057629"
705,2022-11-02,栖霞区,栖霞区迈皋桥街道燕歌园,"118.856947,32.114936"
706,2022-11-02,栖霞区,栖霞区尧化街道金尧花园小区,"118.872043,32.122394"
707,2022-11-02,栖霞区,栖霞区尧化街道和苑小区,"118.886370,32.132317"
708,2022-11-02,鼓楼区,鼓楼区幕府山街道盛世花园,"118.792137,32.113383"
709,2022-11-02,鼓楼区,鼓楼区幕府山街道盛世花园,"118.792137,32.113383"
710,2022-11-02,鼓楼区,鼓楼区幕府山街道云谷山庄,"118.789479,32.115527"
711,2022-11-02,栖霞区,栖霞区迈皋桥街道燕舞园,"118.853609,32.115744"
712,2022-11-01,栖霞区,栖霞区尧化街道月桂园,"118.867848,32.117816"
713,2022-11-01,栖霞区,栖霞区尧化街道金尧花园,"118.873952,32.122341"
714,2022-11-01,栖霞区,栖霞区尧化街道和苑小区,"118.886370,32.132317"
715,2022-11-01,栖霞区,栖霞区尧化街道和苑小区,"118.886370,32.132317"
716,2022-11-01,栖霞区,栖霞区恒通大道50-8,"118.884114,32.145478"
717,2022-11-01,栖霞区,栖霞区仙新路与恒广路交叉口工地宿舍,"118.894678,32.142153"
718,2022-11-01,栖霞区,栖霞区仙新路与恒广路交叉口工地宿舍,"118.894678,32.142153"
719,2022-11-01,江宁区,众彩市场宿舍,"118.887475,31.988830"
720,2022-11-01,栖霞区,栖霞区迈皋桥街道燕舞园,"118.853609,32.115744"
721,2022-11-01,栖霞区,栖霞区迈皋桥街道燕歌园,"118.856947,32.114936"
722,2022-11-01,栖霞区,栖霞区迈皋桥街道燕歌园,"118.856947,32.114936"
723,2022-11-01,栖霞区,栖霞区迈皋桥街道凤和东园,"118.810117,32.106665"
724,2022-11-01,栖霞区,栖霞区仙新路与恒广路交叉口工地宿舍,"118.894678,32.142153"
725,2022-11-01,鼓楼区,鼓楼区幕府山街道云谷山庄,"118.789479,32.115527"
726,2022-11-01,栖霞区,栖霞区尧化街道月桂园,"118.867848,32.117816"
727,2022-11-01,栖霞区,栖霞区迈皋桥街道通州四建熙湲路工地宿舍,"118.810117,32.106665"
728,2022-11-01,栖霞区,栖霞区迈皋桥街道燕舞园,"118.853609,32.115744"
729,2022-10-31,栖霞区,栖霞区恒通中心,"118.883783,32.145183"
730,2022-10-31,栖霞区,栖霞区迈皋桥街道馨合家园,"118.859375,32.105743"
731,2022-10-31,栖霞区,栖霞区仙新路过江通道C3标段项目部,"118.893298,32.137197"
732,2022-10-31,栖霞区,栖霞区恒达路8号永镫科技宿舍,"118.884167,32.147634"
733,2022-10-31,栖霞区,栖霞区燕子矶街道吉祥山庄,"118.813450,32.135214"
734,2022-10-31,栖霞区,栖霞区燕子矶街道吉祥山庄,"118.813450,32.135214"
735,2022-10-31,鼓楼区,鼓楼区幕府山街道盛世花园,"118.792137,32.113383"
736,2022-10-31,栖霞区,栖霞区燕子矶街道熙景福苑,"118.866030,32.110135"
737,2022-10-31,栖霞区,栖霞区尧化街道和苑小区,"118.886370,32.132317"
738,2022-10-31,栖霞区,栖霞区铁路货运尧化门站货场宿舍,"118.877469,32.121901"
739,2022-10-31,栖霞区,栖霞区迈皋桥街道燕歌园,"118.856947,32.114936"
740,2022-10-31,鼓楼区,鼓楼区幕府山街道云武巷,"118.791604,32.115032"
741,2022-10-31,鼓楼区,鼓楼区幕府山街道盛世花园,"118.792137,32.113383"
742,2022-10-31,栖霞区,栖霞区铁路货运尧化门站货场宿舍,"118.877469,32.121901"
743,2022-10-30,栖霞区,栖霞区尧化街道金尧花园,"118.873952,32.122341"
744,2022-10-30,秦淮区,秦淮区中华门街道中山南路689号,"118.777281,32.011548"
745,2022-10-30,栖霞区,栖霞区燕子矶街道联珠村,"118.817461,32.133263"
746,2022-10-30,栖霞区,栖霞区燕子矶街道吉祥山庄,"118.813450,32.135214"
747,2022-10-30,栖霞区,栖霞区迈皋桥街道燕歌园,"118.856947,32.114936"
748,2022-10-30,栖霞区,栖霞区燕子矶街道化工新村,"118.817298,32.134013"
749,2022-10-30,栖霞区,栖霞区迈皋桥街道燕舞园,"118.853609,32.115744"
750,2022-10-30,栖霞区,栖霞区仙新路与恒广路交叉口工地宿舍,"118.894678,32.142153"
751,2022-10-30,栖霞区,栖霞区仙新路与恒广路交叉口工地宿舍,"118.894678,32.142153"
752,2022-10-30,栖霞区,栖霞区燕子矶街道化工新村,"118.817298,32.134013"
753,2022-10-30,栖霞区,栖霞区铁路货运尧化门站货场宿舍,"118.877469,32.121901"
754,2022-10-30,栖霞区,栖霞区迈皋桥街道燕歌园,"118.856947,32.114936"
755,2022-10-30,栖霞区,栖霞区燕子矶街道熙景福苑,"118.866030,32.110135"
756,2022-10-30,鼓楼区,鼓楼区幕府山街道五佰村路南汽三村,"118.785514,32.109943"
757,2022-10-30,栖霞区,栖霞区燕子矶街道城市绿洲花园2期,"118.825771,32.122764"
758,2022-10-30,江宁区,江宁区众彩物流美食广场,"118.892415,31.987132"
759,2022-10-30,栖霞区,栖霞区恒通中心公寓楼,"118.883783,32.145183"
760,2022-10-30,栖霞区,栖霞区尧化街道月桂园,"118.867848,32.117816"
761,2022-10-30,栖霞区,栖霞区尧化街道金尧花园,"118.873952,32.122341"
762,2022-10-30,栖霞区,栖霞区燕子矶街道联珠村,"118.817461,32.133263"
763,2022-10-30,栖霞区,栖霞区尧化街道和苑小区,"118.886370,32.132317"
764,2022-10-30,栖霞区,栖霞区铁路货运尧化门站货场宿舍,"118.877469,32.121901"
765,2022-10-30,鼓楼区,鼓楼区幕府山街道五佰村路南汽三村,"118.785514,32.109943"
766,2022-10-30,栖霞区,栖霞区燕子矶街道联珠村,"118.817461,32.133263"
767,2022-10-29,栖霞区,栖霞区铁路货运尧化门站货场宿舍,"118.877469,32.121901"
768,2022-10-29,栖霞区,栖霞区尧化街道和苑小区,"118.886370,32.132317"
769,2022-10-29,栖霞区,栖霞区联珠村28号-1,"118.815363,32.134645"
770,2022-10-29,栖霞区,栖霞区迈皋桥街道燕歌园,"118.856947,32.114936"
771,2022-10-29,鼓楼区,鼓楼区建宁路街道安乐村202号,"118.763439,32.092889"
772,2022-10-29,栖霞区,栖霞区铁路货运尧化门站货场宿舍,"118.877469,32.121901"
773,2022-10-29,栖霞区,栖霞区铁路货运尧化门站货场宿舍,"118.877469,32.121901"
774,2022-10-29,栖霞区,栖霞区尧化街道尧顺佳园,"118.892683,32.127529"
775,2022-10-29,江宁区,江宁区东山街道众彩物流配套生活区8栋,"118.894007,31.986806"
776,2022-10-29,江宁区,江宁区东山街道众彩物流配套生活区8栋,"118.894007,31.986806"
777,2022-10-29,栖霞区,栖霞区尧化街道金尧花园,"118.873952,32.122341"
778,2022-10-29,栖霞区,栖霞区铁路货运尧化门站货场宿舍,"118.877469,32.121901"
779,2022-10-29,栖霞区,栖霞区迈皋桥街道壹城西区,"118.832602,32.109272"
780,2022-10-29,栖霞区,栖霞区迈皋桥街道燕歌园小区,"118.856680,32.116186"
781,2022-10-29,江宁区,江宁区秣陵街道翠屏国际城广场苑,"118.786889,31.935570"
782,2022-10-29,栖霞区,栖霞区铁路货运尧化门站货场宿舍,"118.877469,32.121901"
783,2022-10-29,栖霞区,栖霞区尧化街道尧顺佳园一期,"118.893599,32.128734"
784,2022-10-29,栖霞区,栖霞区恒通大道50-8,"118.884114,32.145478"
785,2022-10-28,栖霞区,栖霞区仙新路过江通道C3工地宿舍,"118.893298,32.137197"
786,2022-10-28,栖霞区,栖霞区尧化街道和苑小区,"118.886370,32.132317"
787,2022-10-28,栖霞区,南京经济技术开发区恒通中心,"118.883783,32.145183"
788,2022-10-28,栖霞区,栖霞区迈皋桥街道燕舞园,"118.853609,32.115744"
789,2022-10-28,栖霞区,栖霞区铁路货运尧化门站货场宿舍,"118.877469,32.121901"
790,2022-10-28,栖霞区,栖霞区迈皋桥街道壹城西区,"118.832602,32.109272"
791,2022-10-28,栖霞区,栖霞区铁路货运尧化门站货场宿舍,"118.877469,32.121901"
792,2022-10-28,栖霞区,栖霞区燕子矶街道燕江新城山水苑,"118.842270,32.130087"
793,2022-10-28,栖霞区,栖霞区迈皋桥街道燕舞园,"118.853609,32.115744"
794,2022-10-28,栖霞区,栖霞区迈皋桥街道燕升园,"118.859979,32.110884"
795,2022-10-28,栖霞区,栖霞区尧化街道月桂园,"118.867848,32.117816"
796,2022-10-28,栖霞区,栖霞区燕子矶街道吉祥山庄,"118.813450,32.135214"
797,2022-10-28,栖霞区,栖霞区尧化街道和苑小区,"118.886370,32.132317"
798,2022-10-28,栖霞区,栖霞区尧化街道上城风景北苑,"118.876239,32.116399"
799,2022-10-28,栖霞区,栖霞区铁路货运尧化门站货场宿舍,"118.877469,32.121901"
800,2022-10-28,栖霞区,栖霞区迈皋桥街道燕升园,"118.859979,32.110884"
801,2022-10-27,栖霞区,栖霞区铁路货运尧化门站货场宿舍,"118.877469,32.121901"
802,2022-10-27,栖霞区,栖霞区铁路货运尧化门站货场宿舍,"118.877469,32.121901"
803,2022-10-27,栖霞区,栖霞区新港粮油批发市场内,"118.864330,32.142603"
804,2022-10-27,栖霞区,联珠村28号-1,"118.815363,32.134645"
805,2022-10-27,栖霞区,栖霞区铁路货运尧化门站货场宿舍,"118.877469,32.121901"
806,2022-10-27,栖霞区,栖霞区恒通大道50-8,"118.884114,32.145478"
807,2022-10-27,栖霞区,栖霞区铁路货运尧化门站货场宿舍,"118.877469,32.121901"
808,2022-10-27,江宁区,江宁区翠屏国际城,"118.785170,31.936984"
809,2022-10-27,玄武区,曹后村宁东机宿舍,"118.807208,32.083887"
810,2022-10-27,栖霞区,栖霞区联珠村28号-1,"118.815363,32.134645"
811,2022-10-27,栖霞区,栖霞区新港粮油批发市场内,"118.864330,32.142603"
812,2022-10-27,栖霞区,栖霞区联珠村32号,"118.814806,32.133544"
813,2022-10-25,栖霞区,栖霞区铁路货运尧化门站货场宿舍,"118.877469,32.121901"
814,2022-10-25,鼓楼区,鼓楼区幕府山街道和燕路汽轮七村,"118.793305,32.101606"
815,2022-10-25,栖霞区,栖霞区铁路货运尧化门站货场宿舍,"118.877469,32.121901"
816,2022-10-25,栖霞区,栖霞区铁路货运尧化门站货场宿舍,"118.877469,32.121901"
817,2022-10-25,栖霞区,栖霞区尧林仙居碧水苑,"118.881057,32.124593"
818,2022-10-24,浦口区,江北新区沿江街道弘阳时光里二期,"118.710386,32.181291"
819,2022-10-24,鼓楼区,鼓楼区幕府山街道汽轮七村小区,"118.793305,32.101606"
820,2022-10-22,江宁区,江宁区上秦淮新苑凤仪苑,"118.556445,31.802332"
821,2022-10-22,江宁区,江宁区上秦淮新苑凤仪苑,"118.556445,31.802332"
822,2022-10-21,浦口区,高新技术开发区浦泗路26号宝供物流园内安吉宿舍,"118.676250,32.168275"
823,2022-10-21,浦口区,江北新区沿江街道天润城十三街区,"118.735505,32.153859"
824,2022-10-20,秦淮区,秦淮区延龄巷30号,"118.791644,32.037203"
825,2022-10-20,栖霞区,栖霞区新城尚座,"118.825503,32.111976"
826,2022-10-20,秦淮区,鼓楼区汉中路280号金陵交运工地,"118.769220,32.043332"
827,2022-10-20,秦淮区,鼓楼区汉中路280号金陵交运工地,"118.769220,32.043332"
828,2022-10-20,秦淮区,鼓楼区汉中路280号金陵交运工地,"118.769220,32.043332"
829,2022-10-19,六合区,六合区茉莉苑北园,"118.807999,32.332289"
830,2022-10-19,浦口区,江北新区弘阳时光里二期,"118.710386,32.181291"
831,2022-10-19,六合区,六合区龙池翠洲,"118.821847,32.326708"
832,2022-10-19,秦淮区,鼓楼区汉中路280号金陵交运工地,"118.769220,32.043332"
833,2022-10-18,浦口区,江北新区天润城11街区,"118.735516,32.149939"
834,2022-10-18,秦淮区,秦淮区王府东苑,"118.788423,32.024415"
835,2022-10-18,秦淮区,鼓楼区汉中路280号金陵交运工地,"118.769220,32.043332"
836,2022-10-18,栖霞区,栖霞区新城尚座。17日核酸检测阳性,"118.825503,32.111976"
837,2022-10-18,秦淮区,鼓楼区汉中路280号金陵交运工地,"118.769220,32.043332"
838,2022-10-18,栖霞区,栖霞区新城尚座。17日开始集中隔离,"118.825503,32.111976"
839,2022-10-18,栖霞区,栖霞区尧顺佳园,"118.892534,32.127429"
840,2022-10-18,六合区,江北新区松杨路142号,"118.741214,32.239892"
841,2022-10-18,秦淮区,鼓楼区汉中路280号金陵交运工地,"118.769220,32.043332"
842,2022-10-17,江宁区,雨花台区水文苑,"118.785092,31.943211"
843,2022-10-17,建邺区,秦淮区凤栖园,"118.745313,32.030284"
844,2022-10-17,秦淮区,秦淮区王府东苑,"118.788423,32.024415"
845,2022-10-17,栖霞区,栖霞区五福家园荷苑,"118.949490,32.155280"
846,2022-10-17,雨花台区,雨花台区铁心桥大街6号院,"118.762290,31.965287"
847,2022-10-17,秦淮区,秦淮区火瓦巷32号,"118.790076,32.032547"
848,2022-10-17,秦淮区,秦淮区火瓦巷32号,"118.790076,32.032547"
849,2022-10-17,鼓楼区,鼓楼区回龙桥晚市,"118.758558,32.076209"
850,2022-10-16,浦口区,江北新区沿江街道香溢紫郡,"118.697786,32.174176"
851,2022-10-16,六合区,江北新区葛塘街道松杨路142号自建房,"118.741214,32.239892"
852,2022-10-16,秦淮区,秦淮区朝天宫街道安品街67号,"118.775082,32.028891"
853,2022-10-16,六合区,江北新区葛塘街道文承楠苑,"118.742541,32.242899"
854,2022-10-16,秦淮区,秦淮区洪武路街道延龄巷30号,"118.791644,32.037203"
855,2022-10-15,六合区,江北新区葛塘街道文承楠苑,"118.742541,32.242899"
856,2022-10-15,秦淮区,秦淮区朝天宫街道安品街67号,"118.775082,32.028891"
857,2022-10-15,江宁区,雨花台区铁心桥街道水文苑,"118.785092,31.943211"
858,2022-10-15,江宁区,雨花台区铁心桥街道水文苑,"118.785092,31.943211"
859,2022-10-08,江宁区,江宁区东山街道景祥佳园,"118.860082,31.968827"
860,2022-10-06,江宁区,江宁区东山街道景祥佳园。10月5日核酸检测阳性,"118.859656,31.968509"
861,2022-09-12,栖霞区,栖霞区迈皋桥街道经五路壹城东区71幢,"118.834772,32.113330"
862,2022-08-29,浦口区,江北新区盘城街道管家楼60号,"118.642982,32.036529"
863,2022-08-19,六合区,江北新区大厂街道杨庄北村,"118.738097,32.211609"
864,2022-08-17,建邺区,建邺区兴隆街道滨江奥城听雨苑,"118.720214,32.016267"
865,2022-08-17,六合区,江北新区大厂街道新华四村,"118.751136,32.223134"
866,2022-08-17,六合区,江北新区大厂街道杨庄北村,"118.738097,32.211609"
867,2022-08-15,建邺区,建邺区沙洲街道保利香槟国际,"118.717494,31.981147"
868,2022-08-13,建邺区,建邺区沙洲街道保利香槟国际,"118.717494,31.981147"
869,2022-08-07,鼓楼区,鼓楼区凤凰街道曲水文华苑,"118.748820,32.050716"
870,2022-07-02,江宁区,江宁区秣陵街道绿地理想名苑,"118.839008,31.834900"
871,2022-07-01,六合区,六合区龙池街道沿河花园,"118.821190,32.336535"
872,2022-07-01,江宁区,江宁区秣陵街道绿地理想名苑,"118.839008,31.834900"
873,2022-06-30,六合区,六合区龙池街道沿河花园,"118.821190,32.336535"
874,2022-06-30,六合区,六合区龙池街道沿河花园,"118.821190,32.336535"
875,2022-06-30,江宁区,江宁区秣陵街道绿地理想名苑,"118.839008,31.834900"
876,2022-06-30,江宁区,江宁区秣陵街道绿地理想名苑,"118.839008,31.834900"
877,2022-06-30,六合区,六合区龙池街道沿河花园,"118.821190,32.336535"
878,2022-04-11,栖霞区,栖霞区西岗街道摄山星城天佑苑,"118.993491,32.137874"
879,2022-03-29,秦淮区,秦淮区大光路香格里拉花园小区,"118.804471,32.024480"
880,2022-03-26,江宁区,江宁区汤山街道作厂馨苑北苑,"119.072955,32.038535"
881,2022-03-25,江宁区,江宁区汤山街道作厂馨苑北苑,"119.072955,32.038535"
882,2022-03-25,江宁区,江宁区汤山街道作厂馨苑北苑,"119.072955,32.038535"
883,2022-03-24,江宁区,江宁区东山街道青山湾花园,"118.863092,31.966876"
884,2022-03-23,浦口区,江北新区沿江街道北外滩水城十二街区,"118.750997,32.147296"
885,2022-03-23,江宁区,江宁区汤山街道维也纳国际酒店(汤山温泉店),"118.874792,31.974851"
886,2022-03-22,江宁区,江宁区东山街道青山湾花园,"118.863092,31.966876"
887,2022-03-22,江宁区,江宁区东山街道青山湾花园,"118.863092,31.966876"
888,2022-03-22,栖霞区,栖霞区下曹村100号,"118.888552,32.115148"
889,2022-03-21,江宁区,江宁区东山街道青山湾花园,"118.863092,31.966876"
890,2022-03-21,江宁区,江宁区东山街道青山湾花园,"118.863092,31.966876"
891,2022-03-21,浦口区,江北新区顶山街道珍珠雅苑,"118.694578,32.106240"
892,2022-03-21,浦口区,江北新区顶山街道珍珠雅苑,"118.694578,32.106240"
893,2022-03-21,江宁区,江宁区汤山街道作厂馨苑北苑,"119.072955,32.038535"
894,2022-03-21,江宁区,江宁区汤山街道作厂馨苑北苑,"119.072955,32.038535"
895,2022-03-21,江宁区,江宁区汤山街道作厂馨苑北苑,"119.072955,32.038535"
896,2022-03-21,江宁区,江宁区汤山街道作厂馨苑北苑,"119.072955,32.038535"
897,2022-03-21,江宁区,江宁区东山街道南祥星际小区,"118.860693,31.966362"
898,2022-03-21,江宁区,江宁区东山街道南祥星际小区,"118.860693,31.966362"
899,2022-03-20,江宁区,江宁区东山街道南祥星际小区,"118.860693,31.966362"
900,2022-03-20,江宁区,江宁区东山街道青山湾花园,"118.863092,31.966876"
901,2022-03-20,江宁区,江宁区东山街道湖西雅居东苑,"118.830738,31.953223"
902,2022-03-20,江宁区,江宁区东山街道湖西雅居东苑,"118.830738,31.953223"
903,2022-03-20,江宁区,江宁区东山街道湖西雅居东苑,"118.830738,31.953223"
904,2022-03-20,江宁区,江宁区东山街道湖西雅居东苑,"118.830738,31.953223"
905,2022-03-20,江宁区,江宁区东山街道湖西雅居东苑,"118.830738,31.953223"
906,2022-03-20,江宁区,江宁区东山街道大里聚福城华庭北园,"118.874950,31.996574"
907,2022-03-20,江宁区,江宁区东山街道湖西雅居东苑,"118.830738,31.953223"
908,2022-03-20,秦淮区,秦淮区朝天宫街道评事街小区千章巷,"118.779033,32.028675"
909,2022-03-19,秦淮区,秦淮区洪武路街道砂珠巷小区,"118.784016,32.024952"
910,2022-03-19,江宁区,江宁区东山街道湖西雅居东苑,"118.830738,31.953223"
911,2022-03-19,江宁区,江宁区东山街道湖西雅居东苑,"118.830738,31.953223"
912,2022-03-19,江宁区,江宁区东山街道青山湾花园,"118.863092,31.966876"
913,2022-03-19,江宁区,江宁区东山街道青山湾花园,"118.863092,31.966876"
914,2022-03-19,江宁区,江宁区东山街道青山湾花园,"118.863092,31.966876"
915,2022-03-19,秦淮区,秦淮区洪武路街道砂珠巷小区,"118.784016,32.024952"
916,2022-03-19,江宁区,江宁区东山街道湖西雅居东苑,"118.830738,31.953223"
917,2022-03-19,江宁区,江宁区东山街道湖西雅居东苑,"118.830738,31.953223"
918,2022-03-19,江宁区,江宁区东山街道青山湾花园,"118.863092,31.966876"
919,2022-03-18,江宁区,江宁区东山街道青山湾花园,"118.863092,31.966876"
920,2022-03-18,江宁区,江宁区东山街道青山湾花园,"118.863092,31.966876"
921,2022-03-18,江宁区,江宁区东山街道青山湾花园,"118.863092,31.966876"
922,2022-03-18,江宁区,江宁区东山街道青山湾花园,"118.863092,31.966876"
923,2022-03-18,江宁区,江宁区东山街道湖西雅居东苑,"118.830738,31.953223"
924,2022-03-18,江宁区,江宁区东山街道湖西雅居东苑,"118.830738,31.953223"
925,2022-03-18,江宁区,江宁区东山街道湖西雅居东苑,"118.830738,31.953223"
926,2022-03-18,秦淮区,秦淮区洪武路街道砂珠巷小区,"118.784016,32.024952"
927,2022-03-17,江宁区,江宁区东山街道湖西雅居东苑,"118.830738,31.953223"
928,2022-03-17,江宁区,江宁区东山街道湖西雅居东苑,"118.830738,31.953223"
929,2022-03-17,江宁区,江宁区东山街道青山湾花园,"118.863092,31.966876"
930,2022-03-17,江宁区,江宁区东山街道青山湾花园,"118.863092,31.966876"
931,2022-03-17,秦淮区,秦淮区朝天宫街道建邺路74号,"118.781781,32.030848"
932,2022-03-17,秦淮区,秦淮区朝天宫街道评事街小区千章巷,"118.779033,32.028675"
933,2022-03-17,江宁区,江宁区东山街道湖西雅居东苑,"118.830738,31.953223"
934,2022-03-17,江宁区,江宁区东山街道湖西雅居东苑,"118.830738,31.953223"
935,2022-03-17,江宁区,江宁区东山街道湖西雅居东苑,"118.830738,31.953223"
936,2022-03-17,江宁区,江宁区东山街道湖西雅居东苑,"118.830738,31.953223"
937,2022-03-17,江宁区,江宁区东山街道湖西雅居东苑,"118.830738,31.953223"
938,2022-03-17,江宁区,江宁区东山街道湖西雅居东苑,"118.830738,31.953223"
939,2022-03-17,江宁区,江宁区东山街道湖西雅居东苑,"118.830738,31.953223"
940,2022-03-17,江宁区,江宁区东山街道湖西雅居东苑,"118.830738,31.953223"
941,2022-03-17,江宁区,江宁区东山街道湖西雅居东苑,"118.830738,31.953223"
942,2022-03-17,江宁区,江宁区东山街道湖西雅居东苑,"118.830738,31.953223"
943,2022-03-17,江宁区,江宁区东山街道湖西雅居东苑,"118.830738,31.953223"
944,2022-03-17,江宁区,江宁区东山街道湖西雅居东苑,"118.830738,31.953223"
945,2022-03-17,江宁区,江宁区东山街道湖西雅居东苑,"118.830738,31.953223"
946,2022-03-17,江宁区,江宁区东山街道湖西雅居东苑,"118.830738,31.953223"
947,2022-03-17,江宁区,江宁区东山街道湖西雅居东苑,"118.830738,31.953223"
948,2022-03-17,栖霞区,栖霞区马群街道南湾营文康苑小区,"118.896076,32.037375"
949,2022-03-17,栖霞区,栖霞区马群街道南湾营文康苑小区,"118.896076,32.037375"
950,2022-03-17,栖霞区,栖霞区马群街道南湾营文康苑小区,"118.896076,32.037375"
951,2022-03-17,栖霞区,栖霞区马群街道南湾营文康苑小区,"118.896076,32.037375"
952,2022-03-17,栖霞区,栖霞区马群街道南湾营文康苑小区,"118.896076,32.037375"
953,2023-03-16,江宁区,江宁区秣陵街道殷巷新寓,"118.837215,31.913957"
954,2023-03-16,江宁区,江宁区东山街道湖西雅居东苑,"118.830738,31.953223"
955,2023-03-16,江宁区,江宁区东山街道湖西雅居东苑,"118.830738,31.953223"
956,2023-03-16,江宁区,江宁区东山街道湖西雅居东苑,"118.830738,31.953223"
957,2023-03-16,江宁区,江宁区东山街道湖西雅居东苑,"118.830738,31.953223"
958,2023-03-16,江宁区,江宁区东山街道湖西雅居东苑,"118.830738,31.953223"
959,2023-03-16,江宁区,江宁区东山街道湖西雅居东苑,"118.830738,31.953223"
960,2023-03-16,江宁区,江宁区东山街道湖西雅居东苑,"118.830738,31.953223"
961,2023-03-16,江宁区,江宁区东山街道湖西雅居东苑,"118.830738,31.953223"
962,2023-03-16,江宁区,江宁区东山街道湖西雅居东苑,"118.830738,31.953223"
963,2023-03-16,江宁区,江宁区东山街道湖西雅居东苑,"118.830738,31.953223"
964,2023-03-16,江宁区,江宁区东山街道湖西雅居东苑,"118.830738,31.953223"
965,2023-03-16,江宁区,江宁区东山街道湖西雅居东苑,"118.830738,31.953223"
966,2023-03-16,江宁区,江宁区东山街道湖西雅居东苑,"118.830738,31.953223"
967,2023-03-16,江宁区,江宁区东山街道湖西雅居东苑,"118.830738,31.953223"
968,2023-03-16,江宁区,江宁区东山街道湖西雅居东苑,"118.830738,31.953223"
969,2023-03-16,江宁区,江宁区东山街道湖西雅居东苑,"118.830738,31.953223"
970,2023-03-16,江宁区,江宁区东山街道湖西雅居东苑,"118.830738,31.953223"
971,2023-03-16,江宁区,江宁区东山街道湖西雅居东苑,"118.830738,31.953223"
972,2023-03-16,秦淮区,秦淮区洪武路街道砂珠巷小区,"118.784016,32.024952"
973,2023-03-16,江宁区,江宁区东山街道湖西雅居东苑,"118.830738,31.953223"
974,2023-03-16,江宁区,江宁区东山街道青山湾花园,"118.863092,31.966876"
975,2023-03-16,江宁区,江宁区东山街道青山湾花园,"118.863092,31.966876"
976,2023-03-16,江宁区,江宁区东山街道青山湾花园,"118.863092,31.966876"
977,2023-03-16,江宁区,江宁区东山街道青山湾花园,"118.863092,31.966876"
978,2023-03-16,江宁区,江宁区东山街道青山湾花园,"118.863092,31.966876"
