,date,regions,address,location,risk level
0,2022-12-04,玄武区,红山街道黄家圩149号,"118.801740,32.094276",3
1,2022-12-04,玄武区,玄武湖街道7天酒店（花园路1-58号）,"118.826175,32.076638",3
2,2022-12-04,玄武区,孝陵卫街道亚朵酒店（童卫路5号）,"118.841172,32.039176",3
3,2022-12-04,玄武区,梅园新村街道汉庭酒店（龙蟠中路29-1号）,"118.806810,32.053380",3
4,2022-12-04,秦淮区,汇景家园汇安苑4幢,"118.812889,31.982570",3
5,2022-12-04,秦淮区,秦虹街道雅居乐花园12栋1单元,"118.799579,32.008909",3
6,2022-12-04,秦淮区,月牙湖街道富丽山庄5幢1单元,"118.836693,32.027611",3
7,2022-12-04,秦淮区,五老村街道仁寿里28号,"118.798642,32.036392",3
8,2022-12-04,秦淮区,红花街道阳光里3幢,"118.803615,31.996521",3
9,2022-12-04,秦淮区,朝天宫街道南台巷32号桔子酒店,"118.780915,32.037769",3
10,2022-12-04,秦淮区,汇景家园汇平苑10栋1单元,"118.813790,31.982483",3
11,2022-12-04,秦淮区,汇景和园10栋,"118.834630,31.984570",3
12,2022-12-04,秦淮区,南部新城全民健身中心项目工地,"118.790819,32.041841",3
13,2022-12-04,秦淮区,曙光里13幢3单元,"118.805952,32.001566",3
14,2022-12-04,秦淮区,来凤小区222号,"118.773120,32.020564",3
15,2022-12-04,秦淮区,武定新村13幢,"118.804598,32.010684",3
16,2022-12-04,秦淮区,乔虹苑24幢82号,"118.806070,32.014776",3
17,2022-12-04,秦淮区,高虹苑1栋7号,"118.809236,32.013130",3
18,2022-12-04,秦淮区,莺虹苑3栋7号,"118.803273,32.013177",3
19,2022-12-04,建邺区,兴隆街道精金花园北区（华山路92号）10栋2单元,"118.729498,32.028728",3
20,2022-12-04,建邺区,莫愁湖街道电站村小区3栋10号,"118.760287,32.024054",3
21,2022-12-04,建邺区,莫愁湖街道东升沿一小区东升村11栋38号,"118.757890,32.023969",3
22,2022-12-04,建邺区,莫愁湖街道润花园小区1栋1单元,"118.764355,32.021878",3
23,2022-12-04,鼓楼区,下关街道驴子巷34号3幢,"118.747904,32.089929",3
24,2022-12-04,鼓楼区,挹江门街道喜中筒发棋牌室（虎踞北路82-1号）,"118.754258,32.075514",3
25,2022-12-04,鼓楼区,挹江门街道萨家湾3号常胜楼棋牌室,"118.761592,32.082307",3
26,2022-12-04,鼓楼区,挹江门街道洪庙巷1号小区1号楼,"118.762696,32.083458",3
27,2022-12-04,鼓楼区,下关街道盐西街16巷25号,"118.749369,32.089496",3
28,2022-12-04,鼓楼区,江东街道苏宁慧谷E08-2栋710室TATA木门公司工作室,"118.723479,32.031906",3
29,2022-12-04,鼓楼区,宝塔桥街道恒盛嘉园（幕府西路55号）32栋1单元,"118.771721,32.102568",3
30,2022-12-04,鼓楼区,热河南路街道阿红棋牌室（热河南路34号公共厕所旁）,"118.796513,32.044321",3
31,2022-12-04,鼓楼区,建宁路街道卢龙山庄（建宁路178号）6栋3单元,"118.753221,32.095729",3
32,2022-12-04,鼓楼区,挹江门街道金阜雅苑（钟阜路30号）5栋1单元,"118.764737,32.087973",3
33,2022-12-04,鼓楼区,中央门街道唐阿中棋牌室（西瓜圃桥3-4号）,"118.763490,32.081920",3
34,2022-12-04,鼓楼区,中央门街道乐仕轩浴室中南园店（福建路23-1号）,"118.765283,32.084365",3
35,2022-12-04,鼓楼区,下关街道多伦路71号,"118.752244,32.089418",3
36,2022-12-04,鼓楼区,挹江门街道萨家湾52号居民餐厅家常菜,"118.759815,32.084798",3
37,2022-12-04,鼓楼区,江东街道金陵世纪花园135号,"118.734880,32.042658",3
38,2022-12-04,鼓楼区,小市街道小市街188号登泰宾馆,"118.789779,32.093764",3
39,2022-12-04,鼓楼区,小市街道东门前街157-8号,"118.785257,32.093474",3
40,2022-12-04,栖霞区,尧化街道太龙路水田村118号十月军校,"118.858897,32.099123",3
41,2022-12-04,栖霞区,八卦洲街道丽岛新城19栋1单元,"118.813980,32.174583",3
42,2022-12-04,栖霞区,丽岛花园15栋4单元,"118.820307,32.171256",3
43,2022-12-04,栖霞区,燕子矶街道燕雅苑8栋2单元,"118.845987,32.134604",3
44,2022-12-04,栖霞区,燕鸣苑2栋2单元,"118.843378,32.132865",3
45,2022-12-04,栖霞区,迈皋桥街道林景瑞园1栋1单元,"118.812993,32.112391",3
46,2022-12-04,栖霞区,燕子矶街道紫金北郡6栋3单元,"118.867722,32.115043",3
47,2022-12-04,栖霞区,尧化街道和苑4栋1单元,"118.885915,32.132212",3
48,2022-12-04,栖霞区,栖霞街道南炼二村31栋3单元,"118.934498,32.154958",3
49,2022-12-04,栖霞区,八卦洲街道双柳村7号,"118.801540,32.186130",3
50,2022-12-04,栖霞区,恒广路与仙新路交叉路口西300米委外楼宿舍,"118.894678,32.142153",3
51,2022-12-04,栖霞区,燕子矶街道燕江新城山水苑9栋2单元,"118.841493,32.129602",3
52,2022-12-04,栖霞区,山水苑5栋1单元,"118.842270,32.130087",3
53,2022-12-04,栖霞区,晓庄村55号-11,"118.808471,32.118461",3
54,2022-12-04,栖霞区,尧化街道金尧华府1栋2单元,"118.885266,32.125338",3
55,2022-12-04,栖霞区,华润幸福里6栋1单元,"118.889971,32.130394",3
56,2022-12-04,栖霞区,南京输油处南院2栋2单元,"118.873069,32.112800",3
57,2022-12-04,栖霞区,栖霞街道南炼二村34栋4单元,"118.933042,32.154364",3
58,2022-12-04,栖霞区,南炼三村53栋3单元,"118.931834,32.150840",3
59,2022-12-04,雨花台区,雨花经济开发区南京领秀服饰有限公司宿舍楼( 龙藏大道2-2号),"118.640490,31.927491",3
60,2022-12-04,雨花台区,雨花街道卡子门大街98号肯德基（双龙DT餐厅）,"118.804260,31.977820",3
61,2022-12-04,雨花台区,肯德基（证大喜玛拉雅店）,"118.811920,32.107200",3
62,2022-12-04,雨花台区,赛虹桥街道凤台南路88号花语江南6栋,"118.754182,31.997823",3
63,2022-12-04,雨花台区,铁心桥街道铁心桥大街6号凤翔花园三期7栋2单元,"118.760583,31.965384",3
64,2022-12-04,雨花台区,理想家青年公寓（赛虹桥街道小行路158号）,"118.739832,31.977964",3
65,2022-12-04,雨花台区,雨花台区数字出版基地人才公寓2栋5单元（雨花经济开发区三鸿路6号）,"118.633691,31.931027",3
66,2022-12-04,雨花台区,七彩星城8幢3单元（西善桥街道西善桥北路87号）,"118.724225,31.964988",3
67,2022-12-04,雨花台区,铁心桥街道定坊兴苑7栋1单元,"118.945162,32.097136",3
68,2022-12-04,雨花台区,铁心桥街道银杏山庄12栋4单元,"118.764227,31.955609",3
69,2022-12-04,雨花台区,铁心桥街道韩府新苑3栋2单元,"118.749111,31.943777",3
70,2022-12-04,江宁区,秣陵街道托乐嘉花园小区睦邻居10幢,"118.786538,31.946704",3
71,2022-12-04,江宁区,淳化街道天泽苑小区33幢1单元,"118.848966,31.919524",3
72,2022-12-04,江宁区,禄口街道奥斯博恩花园79幢,"118.860949,31.793412",3
73,2022-12-04,江宁区,秣陵街道翠屏诚园28幢,"118.832420,31.871236",3
74,2022-12-04,江宁区,凤仪苑1幢,"119.000000,32.000000",3
75,2022-12-04,江宁区,淳化街道文博苑14幢3单元,"118.911589,31.905116",3
76,2022-12-04,江宁区,天泽苑小区12幢,"118.851688,31.917908",3
77,2022-12-04,江宁区,禄口街道紫荆苑13幢2单元,"118.857997,31.762294",3
78,2022-12-04,江宁区,里外城12幢3单元,"118.868694,31.774292",3
79,2022-12-04,江宁区,东山街道觅秀东园6幢1单元,"118.876828,31.999310",3
80,2022-12-04,江宁区,淳化街道雍景苑9幢2单元,"118.852717,31.914993",3
81,2022-12-04,江宁区,潭桥公寓西园33幢1单元,"118.841060,31.923686",3
82,2022-12-04,江宁区,天祥家园11幢1单元,"118.871700,31.920274",3
83,2022-12-04,江宁区,秣陵街道龙池新寓1幢3单元,"118.830334,31.939405",3
84,2022-12-04,江宁区,淳化街道成山公寓5幢3单元,"118.865359,31.945054",3
85,2022-12-04,江宁区,潭桥公寓西园22幢4单元,"118.842005,31.923620",3
86,2022-12-04,江宁区,湖光晨樾12幢1单元,"118.924971,31.934594",3
87,2022-12-04,江宁区,天景山春秀苑59幢2单元,"118.874788,31.951570",3
88,2022-12-04,江宁区,横溪街道王家园26幢1单元,"118.781983,31.778768",3
89,2022-12-04,江宁区,横溪街道横溪社区姜林村42-1号,"118.777915,31.702800",3
90,2022-12-04,江宁区,红旗社区安民塘32-1号,"118.759110,31.712337",3
91,2022-12-04,江宁区,红旗社区曾庄村55-1,"118.741497,31.712245",3
92,2022-12-04,江宁区,粽塘路19号,"118.777379,31.789008",3
93,2022-12-04,江宁区,西阳社区二塘1号,"118.748952,31.792269",3
94,2022-12-04,江宁区,七仙南苑2栋1单元,"118.718010,31.633870",3
95,2022-12-04,江宁区,春华园19-8号,"118.775636,31.774420",3
96,2022-12-04,江宁区,禄口街道空港公寓D65幢1单元,"118.812126,31.791299",3
97,2022-12-04,江宁区,黄桥综合楼4单元,"118.886520,31.756648",3
98,2022-12-04,浦口区,永宁街道华东石材城12栋 ,"118.628700,32.169900",3
99,2022-12-04,浦口区,江浦街道融侨观邸52栋,"118.627936,32.077898",3
100,2022-12-04,浦口区,桥林街道桥林农贸市场（桥林西街30号）,"118.530507,31.942603",3
101,2022-12-04,六合区,维也纳酒店（龙池地铁站店）,"118.821666,32.319372",3
102,2022-12-04,六合区,享悦时光月子会所（雄州南路299号）,"118.822027,32.319595",3
103,2022-12-04,江北新区,葛塘街道尚品馨苑8栋4单元,"118.743642,32.236455",3
104,2022-12-04,江北新区,沿江街道天润城十二街区11栋108室夏芝橙烘焙店,"118.733969,32.152691",3
105,2022-12-04,江北新区,盘城街道盘城新居45栋1单元,"118.707928,32.208282",3
106,2022-12-04,江北新区,大厂街道清沐精选酒店（平顶山路899号）,"118.773247,32.239173",3
107,2022-12-04,江北新区,葛塘街道永恒家园一期2幢2单元,"118.746631,32.245773",3
108,2022-12-04,玄武区,flag 1,flag 1,1
109,2022-12-04,秦淮区,flag 1,flag 1,1
110,2022-12-04,建邺区,flag 1,flag 1,1
111,2022-12-04,鼓楼区,flag 1,flag 1,1
112,2022-12-04,栖霞区,flag 1,flag 1,1
113,2022-12-04,雨花台区,flag 1,flag 1,1
114,2022-12-04,浦口街道,flag 1,flag 1,1
115,2022-12-04,六合区,flag 1,flag 1,1
116,2022-12-04,江北新区,flag 1,flag 1,1
117,2022-12-03,玄武区,锁金村街道湖景花园3栋,"118.791261,32.087671",3
118,2022-12-03,玄武区,红山街道黄家圩149号,"118.801740,32.094276",3
119,2022-12-03,玄武区,玄武湖街道7天酒店（花园路1-58号）,"118.826175,32.076638",3
120,2022-12-03,秦淮区,汇景家园汇安苑4幢,"118.812889,31.982570",3
121,2022-12-03,秦淮区,秦虹街道雅居乐花园12栋1单元,"118.799579,32.008909",3
122,2022-12-03,秦淮区,月牙湖街道富丽山庄5幢1单元,"118.836693,32.027611",3
123,2022-12-03,秦淮区,五老村街道仁寿里28号,"118.798642,32.036392",3
124,2022-12-03,秦淮区,红花街道阳光里3幢,"118.803615,31.996521",3
125,2022-12-03,秦淮区,朝天宫街道南台巷32号桔子酒店,"118.780915,32.037769",3
126,2022-12-03,秦淮区,汇景家园汇平苑10栋1单元,"118.813790,31.982483",3
127,2022-12-03,秦淮区,汇景和园10栋,"118.834630,31.984570",3
128,2022-12-03,建邺区,兴隆街道精金花园北区（华山路92号）10栋2单元,"118.729498,32.028728",3
129,2022-12-03,建邺区,莫愁湖街道电站村小区3栋10号,"118.760287,32.024054",3
130,2022-12-03,建邺区,莫愁湖街道东升沿一小区东升村11栋38号,"118.757890,32.023969",3
131,2022-12-03,鼓楼区,下关街道驴子巷34号3幢,"118.747904,32.089929",3
132,2022-12-03,鼓楼区,挹江门街道喜中筒发棋牌室（虎踞北路82-1号）,"118.754258,32.075514",3
133,2022-12-03,鼓楼区,挹江门街道萨家湾3号常胜楼棋牌室,"118.761592,32.082307",3
134,2022-12-03,鼓楼区,挹江门街道洪庙巷1号小区1号楼,"118.762696,32.083458",3
135,2022-12-03,鼓楼区,下关街道盐西街16巷25号,"118.749369,32.089496",3
136,2022-12-03,鼓楼区,江东街道苏宁慧谷E08-2栋710室TATA木门公司工作室,"118.723479,32.031906",3
137,2022-12-03,鼓楼区,宝塔桥街道恒盛嘉园（幕府西路55号）32栋1单元,"118.771721,32.102568",3
138,2022-12-03,鼓楼区,热河南路街道阿红棋牌室（热河南路34号公共厕所旁）,"118.796513,32.044321",3
139,2022-12-03,鼓楼区,建宁路街道卢龙山庄（建宁路178号）6栋3单元,"118.753221,32.095729",3
140,2022-12-03,鼓楼区,挹江门街道金阜雅苑（钟阜路30号）5栋1单元,"118.764737,32.087973",3
141,2022-12-03,鼓楼区,中央门街道唐阿中棋牌室（西瓜圃桥3-4号）,"118.763490,32.081920",3
142,2022-12-03,鼓楼区,中央门街道乐仕轩浴室中南园店（福建路23-1号）,"118.765283,32.084365",3
143,2022-12-03,鼓楼区,下关街道多伦路71号,"118.752244,32.089418",3
144,2022-12-03,栖霞区,恒广路26号南京普诺基生物科技有限公司,"118.872223,32.140908",3
145,2022-12-03,栖霞区,迈皋桥街道星叶瑜憬湾6栋一单元,"118.824747,32.105403",3
146,2022-12-03,栖霞区,金山花苑117车库,"118.840327,32.114692",3
147,2022-12-03,栖霞区,燕子矶街道保利国际社区二期3栋,"118.820266,32.136526",3
148,2022-12-03,栖霞区,山河苑1栋,"118.891670,31.566725",3
149,2022-12-03,栖霞区,尧化街道尧顺佳园二期52栋二单元,"118.891329,32.126393",3
150,2022-12-03,栖霞区,仙林街道南大和园青年教师公寓3号楼,"118.963016,32.108092",3
151,2022-12-03,栖霞区,尧化街道太龙路水田村118号十月军校,"118.858897,32.099123",3
152,2022-12-03,栖霞区,八卦洲街道丽岛新城19栋1单元,"118.813980,32.174583",3
153,2022-12-03,栖霞区,丽岛花园15栋4单元,"118.820307,32.171256",3
154,2022-12-03,栖霞区,燕子矶街道燕雅苑8栋2单元,"118.845987,32.134604",3
155,2022-12-03,栖霞区,燕鸣苑2栋2单元,"118.843378,32.132865",3
156,2022-12-03,栖霞区,迈皋桥街道林景瑞园1栋1单元,"118.812993,32.112391",3
157,2022-12-03,栖霞区,燕子矶街道紫金北郡6栋3单元,"118.867722,32.115043",3
158,2022-12-03,栖霞区,尧化街道和苑4栋1单元,"118.885915,32.132212",3
159,2022-12-03,栖霞区,栖霞街道南炼二村31栋3单元,"118.934498,32.154958",3
160,2022-12-03,栖霞区,八卦洲街道双柳村7号,"118.801540,32.186130",3
161,2022-12-03,栖霞区,恒广路与仙新路交叉路口西300米委外楼宿舍,"118.894678,32.142153",3
162,2022-12-03,栖霞区,燕子矶街道燕江新城山水苑9栋2单元,"118.841493,32.129602",3
163,2022-12-03,栖霞区,山水苑5栋1单元,"118.842270,32.130087",3
164,2022-12-03,栖霞区,晓庄村55号-11,"118.808471,32.118461",3
165,2022-12-03,栖霞区,尧化街道金尧华府1栋2单元,"118.885266,32.125338",3
166,2022-12-03,栖霞区,华润幸福里6栋1单元,"118.889971,32.130394",3
167,2022-12-03,栖霞区,南京输油处南院2栋2单元,"118.873069,32.112800",3
168,2022-12-03,栖霞区,栖霞街道南炼二村34栋4单元,"118.933042,32.154364",3
169,2022-12-03,栖霞区,南炼三村53栋3单元,"118.931834,32.150840",3
170,2022-12-03,雨花台区,雨花经济开发区南京领秀服饰有限公司宿舍楼( 龙藏大道2-2号),"118.640490,31.927491",3
171,2022-12-03,雨花台区,雨花街道卡子门大街98号肯德基（双龙DT餐厅）,"118.804260,31.977820",3
172,2022-12-03,雨花台区,肯德基（证大喜玛拉雅店）,"118.811920,32.107200",3
173,2022-12-03,雨花台区,赛虹桥街道凤台南路88号花语江南6栋,"118.754182,31.997823",3
174,2022-12-03,雨花台区,铁心桥街道铁心桥大街6号凤翔花园三期7栋2单元,"118.760583,31.965384",3
175,2022-12-03,雨花台区,理想家青年公寓（赛虹桥街道小行路158号）,"118.739832,31.977964",3
176,2022-12-03,雨花台区,雨花台区数字出版基地人才公寓2栋5单元（雨花经济开发区三鸿路6号）,"118.633691,31.931027",3
177,2022-12-03,雨花台区,七彩星城8幢3单元（西善桥街道西善桥北路87号）,"118.724225,31.964988",3
178,2022-12-03,江宁区,龙眠大道660号龙湖新壹城3号楼公寓,"118.904093,31.912875",3
179,2022-12-03,江宁区,秣陵街道殷巷新寓80栋,"118.833872,31.912999",3
180,2022-12-03,江宁区,淳化街道天泽苑小区33幢1单元,"118.848966,31.919524",3
181,2022-12-03,江宁区,秣陵街道托乐嘉花园小区睦邻居10幢,"118.786538,31.946704",3
182,2022-12-03,江宁区,禄口街道博恩花园（翠屏城）79幢,"118.857902,31.795220",3
183,2022-12-03,江宁区,秣陵街道翠屏诚园28幢,"118.832420,31.871236",3
184,2022-12-03,江宁区,凤仪苑1幢,"119.000000,32.000000",3
185,2022-12-03,江宁区,淳化街道文博苑14幢3单元,"118.911589,31.905116",3
186,2022-12-03,江宁区,天泽苑小区12幢,"118.851688,31.917908",3
187,2022-12-03,江宁区,禄口街道紫荆苑13幢2单元,"118.857997,31.762294",3
188,2022-12-03,江宁区,里外城12幢3单元,"118.868694,31.774292",3
189,2022-12-03,江宁区,东山街道觅秀东园6幢1单元,"118.876828,31.999310",3
190,2022-12-03,江宁区,淳化街道雍景苑9幢2单元,"118.852717,31.914993",3
191,2022-12-03,江宁区,潭桥公寓西园33幢1单元,"118.841060,31.923686",3
192,2022-12-03,江宁区,天祥家园11幢1单元,"118.871700,31.920274",3
193,2022-12-03,江宁区,秣陵街道龙池新寓1幢3单元,"118.830334,31.939405",3
194,2022-12-03,浦口区,江浦街道招商雍宁府19栋3单元,"118.637957,32.060935",3
195,2022-12-03,浦口区,永宁街道华东石材城12栋 ,"118.628700,32.169900",3
196,2022-12-03,六合区,维也纳酒店（龙池地铁站店）,"118.821666,32.319372",3
197,2022-12-03,六合区,享悦时光月子会所（雄州南路299号）,"118.822027,32.319595",3
198,2022-12-03,江北新区,大厂街道草芳新苑54栋,"118.735926,32.215854",3
199,2022-12-03,江北新区,葛塘街道尚品馨苑8栋4单元,"118.743642,32.236455",3
200,2022-12-03,江北新区,沿江街道天润城十二街区11栋108室夏芝橙烘焙店,"118.733969,32.152691",3
201,2022-12-03,玄武区,flag 1,flag 1,1
202,2022-12-03,秦淮区,flag 1,flag 1,1
203,2022-12-03,建邺区,flag 1,flag 1,1
204,2022-12-03,鼓楼区,flag 1,flag 1,1
205,2022-12-03,栖霞区,flag 1,flag 1,1
206,2022-12-03,雨花台区,flag 1,flag 1,1
207,2022-12-03,江宁区,flag 1,flag 1,1
208,2022-12-03,浦口区,flag 1,flag 1,1
209,2022-12-03,六合区,flag 1,flag 1,1
210,2022-12-03,江北新区,flag 1,flag 1,1
211,2022-12-02,玄武区,锁金村街道湖景花园3栋,"118.791261,32.087671",3
212,2022-12-02,玄武区,红山街道黄家圩149号,"118.801740,32.094276",3
213,2022-12-02,秦淮区,琵琶小区长生祠16号,"118.790612,32.017183",3
214,2022-12-02,秦淮区,汇景家园汇安苑4幢,"118.812889,31.982570",3
215,2022-12-02,秦淮区,秦虹街道雅居乐花园12栋1单元,"118.799579,32.008909",3
216,2022-12-02,秦淮区,月牙湖街道富丽山庄5幢1单元,"118.836693,32.027611",3
217,2022-12-02,秦淮区,五老村街道仁寿里28号,"118.798642,32.036392",3
218,2022-12-02,秦淮区,红花街道阳光里3幢,"118.803615,31.996521",3
219,2022-12-02,秦淮区,朝天宫街道南台巷32号桔子酒店,"118.780915,32.037769",3
220,2022-12-02,建邺区,兴隆街道精金花园北区（华山路92号）10栋2单元,"118.729498,32.028728",3
221,2022-12-02,鼓楼区,下关街道驴子巷34号3幢,"118.747904,32.089929",3
222,2022-12-02,鼓楼区,挹江门街道喜中筒发棋牌室（虎踞北路82-1号）,"118.754258,32.075514",3
223,2022-12-02,鼓楼区,挹江门街道萨家湾3号常胜楼棋牌室,"118.761592,32.082307",3
224,2022-12-02,鼓楼区,挹江门街道洪庙巷1号小区1号楼,"118.762696,32.083458",3
225,2022-12-02,鼓楼区,下关街道盐西街16巷25号,"118.749369,32.089496",3
226,2022-12-02,鼓楼区,江东街道苏宁慧谷E08-2栋710室TATA木门公司工作室,"118.723479,32.031906",3
227,2022-12-02,鼓楼区,宝塔桥街道恒盛嘉园（幕府西路55号）32栋1单元,"118.771721,32.102568",3
228,2022-12-02,鼓楼区,热河南路街道阿红棋牌室（热河南路34号公共厕所旁）,"118.796513,32.044321",3
229,2022-12-02,鼓楼区,建宁路街道卢龙山庄（建宁路178号）6栋3单元,"118.753221,32.095729",3
230,2022-12-02,鼓楼区,挹江门街道金阜雅苑（钟阜路30号）5栋1单元,"118.764737,32.087973",3
231,2022-12-02,鼓楼区,中央门街道唐阿中棋牌室（西瓜圃桥3-4号）,"118.763490,32.081920",3
232,2022-12-02,鼓楼区,中央门街道乐仕轩浴室中南园店（福建路23-1号）,"118.765283,32.084365",3
233,2022-12-02,栖霞区,恒广路26号南京普诺基生物科技有限公司,"118.872223,32.140908",3
234,2022-12-02,栖霞区,迈皋桥街道星叶瑜憬湾6栋一单元,"118.824747,32.105403",3
235,2022-12-02,栖霞区,金山花苑117车库,"118.840327,32.114692",3
236,2022-12-02,栖霞区,燕子矶街道保利国际社区二期3栋,"118.820266,32.136526",3
237,2022-12-02,栖霞区,山河苑1栋,"118.891670,31.566725",3
238,2022-12-02,栖霞区,尧化街道尧顺佳园二期52栋二单元,"118.891329,32.126393",3
239,2022-12-02,栖霞区,仙林街道南大和园青年教师公寓3号楼,"118.963016,32.108092",3
240,2022-12-02,栖霞区,尧化街道太龙路水田村118号十月军校,"118.858897,32.099123",3
241,2022-12-02,栖霞区,八卦洲街道丽岛新城19栋1单元,"118.813980,32.174583",3
242,2022-12-02,栖霞区,丽岛花园15栋4单元,"118.820307,32.171256",3
243,2022-12-02,栖霞区,燕子矶街道燕雅苑8栋2单元,"118.845987,32.134604",3
244,2022-12-02,栖霞区,燕鸣苑2栋2单元,"118.843378,32.132865",3
245,2022-12-02,栖霞区,迈皋桥街道林景瑞园1栋1单元,"118.812993,32.112391",3
246,2022-12-02,栖霞区,燕子矶街道紫金北郡6栋3单元,"118.867722,32.115043",3
247,2022-12-02,栖霞区,尧化街道和苑4栋1单元,"118.885915,32.132212",3
248,2022-12-02,栖霞区,栖霞街道南炼二村31栋3单元,"118.934498,32.154958",3
249,2022-12-02,栖霞区,八卦洲街道双柳村7号,"118.801540,32.186130",3
250,2022-12-02,栖霞区,恒广路与仙新路交叉路口西300米委外楼宿舍,"118.894678,32.142153",3
251,2022-12-02,雨花台区,雨花经济开发区南京领秀服饰有限公司宿舍楼( 龙藏大道2-2号),"118.640490,31.927491",3
252,2022-12-02,雨花台区,雨花街道卡子门大街98号肯德基（双龙DT餐厅）,"118.804260,31.977820",3
253,2022-12-02,雨花台区,肯德基（证大喜玛拉雅店）,"118.811920,32.107200",3
254,2022-12-02,雨花台区,赛虹桥街道凤台南路88号花语江南6栋,"118.754182,31.997823",3
255,2022-12-02,雨花台区,铁心桥街道铁心桥大街6号凤翔花园三期7栋2单元,"118.760583,31.965384",3
256,2022-12-02,雨花台区,理想家青年公寓（赛虹桥街道小行路158号）,"118.739832,31.977964",3
257,2022-12-02,雨花台区,雨花台区数字出版基地人才公寓2栋5单元（雨花经济开发区三鸿路6号）,"118.633691,31.931027",3
258,2022-12-02,江宁区,东山街道天鹅湖花园23幢,"118.866708,31.955322",3
259,2022-12-02,江宁区,城建大厦（上元大街327号）,"118.838149,31.952555",3
260,2022-12-02,江宁区,龙眠大道660号龙湖新壹城3号楼公寓,"118.904093,31.912875",3
261,2022-12-02,江宁区,秣陵街道殷巷新寓80栋,"118.833872,31.912999",3
262,2022-12-02,江宁区,秣陵街道托乐嘉花园小区睦邻居10幢,"118.786538,31.946704",3
263,2022-12-02,江宁区,淳化街道天泽苑小区33幢1单元,"118.848966,31.919524",3
264,2022-12-02,江宁区,禄口街道奥斯博恩花园79幢,"118.860949,31.793412",3
265,2022-12-02,江宁区,秣陵街道翠屏诚园28幢,"118.832420,31.871236",3
266,2022-12-02,江宁区,凤仪苑1幢,"119.000000,32.000000",3
267,2022-12-02,江宁区,淳化街道文博苑14幢3单元,"118.911589,31.905116",3
268,2022-12-02,江宁区,天泽苑小区12幢,"118.851688,31.917908",3
269,2022-12-02,浦口区,江浦街道招商雍宁府19栋3单元,"118.637957,32.060935",3
270,2022-12-02,浦口区,永宁街道华东石材城12栋,"118.628700,32.169900",3
271,2022-12-02,六合区,雄州街道桥西社区雨庭花园4幢,"118.833652,32.322728",3
272,2022-12-02,六合区,维也纳酒店（龙池地铁站店）,"118.821666,32.319372",3
273,2022-12-02,六合区,享悦时光月子会所（雄州南路299号）,"118.822027,32.319595",3
274,2022-12-02,江北新区,大厂街道山潘一村20栋,"118.763618,32.234482",3
275,2022-12-02,江北新区,泰山街道明发滨江新城二期266栋,"118.747250,32.130750",3
276,2022-12-02,江北新区,沿江街道北外滩水城十九街区7栋,"118.755687,32.154518",3
277,2022-12-02,江北新区,大厂街道草芳新苑54栋,"118.735926,32.215854",3
278,2022-12-02,江北新区,葛塘街道尚品馨苑8栋4单元,"118.743642,32.236455",3
279,2022-12-02,玄武区,flag 1,flag 1,1
280,2022-12-02,秦淮区,flag 1,flag 1,1
281,2022-12-02,建邺区,flag 1,flag 1,1
282,2022-12-02,鼓楼区,flag 1,flag 1,1
283,2022-12-02,栖霞区,flag 1,flag 1,1
284,2022-12-02,雨花台区,flag 1,flag 1,1
285,2022-12-02,江宁区,flag 1,flag 1,1
286,2022-12-02,浦口区,flag 1,flag 1,1
287,2022-12-02,六合区,flag 1,flag 1,1
288,2022-12-02,江北新区,flag 1,flag 1,1
289,2022-12-01,玄武区,新街口珠江大厦（珠江路280号）,"118.792313,32.048861",3
290,2022-12-01,玄武区,沸腾九鲜面红庙店（红庙10号101室）,"118.791347,32.047860",3
291,2022-12-01,玄武区,益丰大药房珠江路店（珠江路273号）,"118.792025,32.049394",3
292,2022-12-01,玄武区,锁金村街道湖景花园3栋,"118.791261,32.087671",3
293,2022-12-01,秦淮区,琵琶小区长生祠16号,"118.790612,32.017183",3
294,2022-12-01,秦淮区,汇景家园汇安苑4幢,"118.812889,31.982570",3
295,2022-12-01,建邺区,兴隆街道精金花园北区（华山路92号）10栋2单元,"118.729498,32.028728",3
296,2022-12-01,鼓楼区,下关街道驴子巷34号3幢,"118.747904,32.089929",3
297,2022-12-01,鼓楼区,挹江门街道喜中筒发棋牌室（虎踞北路82-1号）,"118.754258,32.075514",3
298,2022-12-01,鼓楼区,挹江门街道萨家湾3号常胜楼棋牌室,"118.761592,32.082307",3
299,2022-12-01,鼓楼区,挹江门街道洪庙巷1号小区1号楼,"118.762696,32.083458",3
300,2022-12-01,鼓楼区,下关街道盐西街16巷25号,"118.749369,32.089496",3
301,2022-12-01,鼓楼区,江东街道苏宁慧谷E08-2栋710室TATA木门公司工作室,"118.723479,32.031906",3
302,2022-12-01,栖霞区,栖霞街道五福家园小区柳苑7栋2单元,"118.949975,32.154133",3
303,2022-12-01,栖霞区,燕子矶街道金浦紫御东方一期7栋,"118.832973,32.137865",3
304,2022-12-01,栖霞区,恒广路26号南京普诺基生物科技有限公司,"118.872223,32.140908",3
305,2022-12-01,栖霞区,迈皋桥街道星叶瑜憬湾6栋一单元,"118.824747,32.105403",3
306,2022-12-01,栖霞区,金山花苑117车库,"118.840327,32.114692",3
307,2022-12-01,栖霞区,燕子矶街道保利国际社区二期3栋,"118.820266,32.136526",3
308,2022-12-01,栖霞区,山河苑1栋,"118.891670,31.566725",3
309,2022-12-01,栖霞区,尧化街道尧顺佳园二期52栋二单元,"118.891329,32.126393",3
310,2022-12-01,栖霞区,仙林街道南大和园青年教师公寓3号楼,"118.963016,32.108092",3
311,2022-12-01,栖霞区,尧化街道太龙路水田村118号十月军校,"118.858897,32.099123",3
312,2022-12-01,栖霞区,八卦洲街道丽岛新城19栋1单元,"118.813980,32.174583",3
313,2022-12-01,栖霞区,丽岛花园15栋4单元,"118.820307,32.171256",3
314,2022-12-01,栖霞区,燕子矶街道燕雅苑8栋2单元,"118.845987,32.134604",3
315,2022-12-01,栖霞区,燕鸣苑2栋1单元,"118.843378,32.132865",3
316,2022-12-01,雨花台区,雨花经济开发区南京领秀服饰有限公司宿舍楼( 龙藏大道2-2号),"118.640490,31.927491",3
317,2022-12-01,雨花台区,雨花街道卡子门大街98号肯德基（双龙DT餐厅）,"118.804260,31.977820",3
318,2022-12-01,雨花台区,肯德基（证大喜玛拉雅店）,"118.811920,32.107200",3
319,2022-12-01,雨花台区,赛虹桥街道凤台南路88号花语江南6栋,"118.754182,31.997823",3
320,2022-12-01,雨花台区,铁心桥街道铁心桥大街6号凤翔花园三期7栋2单元,"118.760583,31.965384",3
321,2022-12-01,江宁区,东山街道天鹅湖花园23幢,"118.866708,31.955322",3
322,2022-12-01,江宁区,城建大厦（上元大街327号）,"118.838149,31.952555",3
323,2022-12-01,江宁区,龙眠大道660号龙湖新壹城3号楼公寓,"118.904093,31.912875",3
324,2022-12-01,江宁区,秣陵街道殷巷新寓80栋,"118.833872,31.912999",3
325,2022-12-01,江宁区,秣陵街道托乐嘉花园小区睦邻居10幢,"118.786538,31.946704",3
326,2022-12-01,江宁区,淳化街道天泽苑小区33幢1单元,"118.848966,31.919524",3
327,2022-12-01,浦口区,江浦街道招商雍宁府19栋3单元,"118.637957,32.060935",3
328,2022-12-01,六合区,雄州街道桥西社区雨庭花园4幢,"118.833652,32.322728",3
329,2022-12-01,江北新区,大厂街道山潘一村20栋,"118.763618,32.234482",3
330,2022-12-01,江北新区,泰山街道明发滨江新城二期266栋,"118.747250,32.130750",3
331,2022-12-01,江北新区,沿江街道北外滩水城十九街区7栋,"118.755687,32.154518",3
332,2022-12-01,江北新区,大厂街道草芳新苑54栋,"118.735926,32.215854",3
333,2022-12-01,玄武区,flag 1,flag 1,1
334,2022-12-01,秦淮区,flag 1,flag 1,1
335,2022-12-01,建邺区,flag 1,flag 1,1
336,2022-12-01,鼓楼区,flag 1,flag 1,1
337,2022-12-01,栖霞区,flag 1,flag 1,1
338,2022-12-01,雨花台区,flag 1,flag 1,1
339,2022-12-01,江宁区,flag 1,flag 1,1
340,2022-12-01,浦口区,flag 1,flag 1,1
341,2022-12-01,六合区,flag 1,flag 1,1
342,2022-12-01,江北新区,flag 1,flag 1,1
343,2022-11-30,玄武区,新街口珠江大厦（珠江路280号）,"118.792313,32.048861",3
344,2022-11-30,玄武区,沸腾九鲜面红庙店（红庙10号101室）,"118.791347,32.047860",3
345,2022-11-30,玄武区,益丰大药房珠江路店（珠江路273号）,"118.792025,32.049394",3
346,2022-11-30,玄武区,锁金村街道湖景花园3栋,"118.791261,32.087671",3
347,2022-11-30,秦淮区,琵琶小区长生祠16号,"118.790612,32.017183",3
348,2022-11-30,秦淮区,汇景家园汇安苑4幢,"118.812889,31.982570",3
349,2022-11-30,鼓楼区,下关街道驴子巷34号3幢,"118.747904,32.089929",3
350,2022-11-30,鼓楼区,挹江门街道喜中筒发棋牌室（虎踞北路82-1号）,"118.754258,32.075514",3
351,2022-11-30,鼓楼区,挹江门街道萨家湾3号常胜楼棋牌室,"118.761592,32.082307",3
352,2022-11-30,栖霞区,栖霞街道五福家园小区柳苑7栋2单元,"118.949975,32.154133",3
353,2022-11-30,栖霞区,燕子矶街道金浦紫御东方一期7栋,"118.832973,32.137865",3
354,2022-11-30,栖霞区,恒广路26号南京普诺基生物科技有限公司,"118.872223,32.140908",3
355,2022-11-30,栖霞区,迈皋桥街道星叶瑜憬湾6栋一单元,"118.824747,32.105403",3
356,2022-11-30,栖霞区,金山花苑117车库,"118.840327,32.114692",3
357,2022-11-30,栖霞区,燕子矶街道保利国际社区二期3栋,"118.820266,32.136526",3
358,2022-11-30,栖霞区,山河苑1栋,"118.891670,31.566725",3
359,2022-11-30,栖霞区,尧化街道尧顺佳园二期52栋二单元,"118.891329,32.126393",3
360,2022-11-30,栖霞区,仙林街道南大和园青年教师公寓3号楼,"118.963016,32.108092",3
361,2022-11-30,栖霞区,尧化街道太龙路水田村118号十月军校,"118.858897,32.099123",3
362,2022-11-30,雨花台区,西善桥街道西柿路9号明尚西苑1栋,"118.694740,31.943582",3
363,2022-11-30,雨花台区,雨花街道阅城国际怡然园6栋3单元,"118.779087,31.983878",3
364,2022-11-30,雨花台区,雨花街道青春飞扬网咖（雨花西路79号）,"118.771864,32.003509",3
365,2022-11-30,雨花台区,赛虹桥街道苏缆大厦（雨花西路210号3栋）,"118.767631,31.999204",3
366,2022-11-30,雨花台区,雨花经济开发区南京领秀服饰有限公司宿舍楼( 龙藏大道2-2号),"118.640490,31.927491",3
367,2022-11-30,雨花台区,雨花街道卡子门大街98号肯德基（双龙DT餐厅）,"118.804260,31.977820",3
368,2022-11-30,雨花台区,肯德基（证大喜玛拉雅店）,"118.811920,32.107200",3
369,2022-11-30,江宁区,麒麟门贺家边40号,"118.923388,32.056445",3
370,2022-11-30,江宁区,东山街道北沿路157号（家属院）,"118.833568,31.957511",3
371,2022-11-30,江宁区,东山街道东秦新苑3幢,"118.824595,31.965444",3
372,2022-11-30,江宁区,秣陵街道东虹花苑东苑3幢,"118.774716,31.866574",3
373,2022-11-30,江宁区,东山街道天鹅湖花园23幢,"118.866708,31.955322",3
374,2022-11-30,江宁区,城建大厦（上元大街327号）,"118.838149,31.952555",3
375,2022-11-30,江宁区,龙眠大道660号龙湖新壹城3号楼公寓,"118.904093,31.912875",3
376,2022-11-30,江宁区,秣陵街道殷巷新寓80栋,"118.833872,31.912999",3
377,2022-11-30,浦口区,江浦街道招商雍宁府19栋3单元,"118.637957,32.060935",3
378,2022-11-30,六合区,雄州街道观滁社区复兴西苑6栋,"118.826301,32.346565",3
379,2022-11-30,六合区,雄州街道桥西社区雨庭花园4幢,"118.833652,32.322728",3
380,2022-11-30,江北新区,大厂街道山潘一村20栋,"118.763618,32.234482",3
381,2022-11-30,江北新区,泰山街道明发滨江新城二期266栋,"118.747250,32.130750",3
382,2022-11-30,江北新区,沿江街道北外滩水城十九街区7栋,"118.755687,32.154518",3
383,2022-11-30,江北新区,大厂街道湖滨村36栋,"118.739113,32.201763",3
384,2022-11-30,江北新区,泰山街道明发滨江新城三期334栋,"118.746833,32.132667",3
385,2022-11-30,江北新区,大厂街道草芳新苑54栋,"118.735926,32.215854",3
386,2022-11-30,玄武区,flag 1,flag 1,1
387,2022-11-30,秦淮区,flag 1,flag 1,1
388,2022-11-30,鼓楼区,flag 1,flag 1,1
389,2022-11-30,栖霞区,flag 1,flag 1,1
390,2022-11-30,雨花台区,flag 1,flag 1,1
391,2022-11-30,江宁区,flag 1,flag 1,1
392,2022-11-30,浦口区,flag 1,flag 1,1
393,2022-11-30,六合区,flag 1,flag 1,1
394,2022-11-30,江北新区,flag 1,flag 1,1
395,2022-11-29,玄武区,新街口珠江大厦（珠江路280号）,"118.792313,32.048861",3
396,2022-11-29,玄武区,沸腾九鲜面红庙店（红庙10号101室）,"118.791347,32.047860",3
397,2022-11-29,玄武区,益丰大药房珠江路店（珠江路273号）,"118.792025,32.049394",3
398,2022-11-29,秦淮区,瑞金路1-58号6幢3,"118.804414,32.032523",3
399,2022-11-29,秦淮区,靖小馆（丰富路62-2号）,"118.779979,32.034005",3
400,2022-11-29,秦淮区,琵琶小区长生祠16号,"118.790612,32.017183",3
401,2022-11-29,栖霞区,南通建工09-02地块项目寅春路生活区,"118.771023,32.008625",3
402,2022-11-29,栖霞区,仙林街道仙龙湾小区35栋一单元,"118.913437,32.083815",3
403,2022-11-29,栖霞区,栖霞街道五福家园小区柳苑7栋2单元,"118.949975,32.154133",3
404,2022-11-29,栖霞区,燕子矶街道金浦紫御东方一期7栋,"118.832973,32.137865",3
405,2022-11-29,雨花台区,西善桥街道西柿路9号明尚西苑1栋,"118.694740,31.943582",3
406,2022-11-29,雨花台区,雨花街道阅城国际怡然园6栋3单元,"118.779087,31.983878",3
407,2022-11-29,雨花台区,雨花街道青春飞扬网咖（雨花西路79号）,"118.771864,32.003509",3
408,2022-11-29,雨花台区,赛虹桥街道苏缆大厦（雨花西路210号3栋）,"118.767631,31.999204",3
409,2022-11-29,江宁区,秣陵街道中航樾府17幢,"118.795757,31.932696",3
410,2022-11-29,江宁区,麒麟街道誉峰苑7幢,"118.917358,32.035928",3
411,2022-11-29,江宁区,麒麟门贺家边40号,"118.923388,32.056445",3
412,2022-11-29,江宁区,东山街道北沿路157号（家属院）,"118.833568,31.957511",3
413,2022-11-29,江宁区,东山街道东秦新苑3幢,"118.824595,31.965444",3
414,2022-11-29,江宁区,秣陵街道东虹花苑东苑3幢,"118.774716,31.866574",3
415,2022-11-29,江宁区,东山街道天鹅湖花园23幢,"118.866708,31.955322",3
416,2022-11-29,江宁区,城建大厦（上元大街327号）,"118.838149,31.952555",3
417,2022-11-29,浦口区,江浦街道招商雍宁府19栋3单元,"118.637957,32.060935",3
418,2022-11-29,六合区,雄州街道观滁社区复兴西苑6栋,"118.826301,32.346565",3
419,2022-11-29,江北新区,泰山街道旭日爱上城4期30栋,"118.714543,32.131917",3
420,2022-11-29,江北新区,和善园（丽岛路21号）,"118.715655,32.129814",3
421,2022-11-29,江北新区,浦泰和天下二期10栋,"118.739078,32.133197",3
422,2022-11-29,江北新区,沿江街道北外滩水城九街区2栋,"118.754626,32.141245",3
423,2022-11-29,江北新区,葛塘街道蔚蓝星宸苑4栋,"118.742541,32.242899",3
424,2022-11-29,江北新区,大厂街道湖滨村36栋,"118.739113,32.201763",3
425,2022-11-29,江北新区,泰山街道明发滨江新城三期334栋,"118.746833,32.132667",3
426,2022-11-29,江北新区,大厂街道山潘一村20栋,"118.763618,32.234482",3
427,2022-11-29,江北新区,泰山街道明发滨江新城二期266栋,"118.747250,32.130750",3
428,2022-11-29,江北新区,沿江街道北外滩水城十九街区7栋,"118.755687,32.154518",3
429,2022-11-29,玄武区,flag 1,flag 1,1
430,2022-11-29,秦淮区,flag 1,flag 1,1
431,2022-11-29,栖霞区,flag 1,flag 1,1
432,2022-11-29,雨花台区,flag 1,flag 1,1
433,2022-11-29,江宁区,flag 1,flag 1,1
434,2022-11-29,浦口区,flag 1,flag 1,1
435,2022-11-29,六合区,flag 1,flag 1,1
436,2022-11-29,江北新区,flag 1,flag 1,1
437,2022-11-28,玄武区,新街口珠江大厦（珠江路280号）,"118.792313,32.048861",3
438,2022-11-28,玄武区,沸腾九鲜面红庙店（红庙10号101室）,"118.791347,32.047860",3
439,2022-11-28,玄武区,益丰大药房珠江路店（珠江路273号）,"118.792025,32.049394",3
440,2022-11-28,秦淮区,苜中路1号小区 ,"118.834973,32.034674",3
441,2022-11-28,秦淮区,瑞金路1-58号6幢3,"118.804414,32.032523",3
442,2022-11-28,秦淮区,靖小馆（丰富路62-2号）,"118.779979,32.034005",3
443,2022-11-28,鼓楼区,宝塔桥街道江山汇悦山府（燕江路199号）,"118.766135,32.115776",3
444,2022-11-28,鼓楼区,小市街道中央北路73号源泉科技园,"118.782738,32.100906",3
445,2022-11-28,栖霞区,南通建工09-02地块项目寅春路生活区,"118.771023,32.008625",3
446,2022-11-28,栖霞区,仙林街道仙龙湾小区35栋一单元,"118.913437,32.083815",3
447,2022-11-28,栖霞区,栖霞街道五福家园小区柳苑7栋2单元,"118.949975,32.154133",3
448,2022-11-28,栖霞区,燕子矶街道金浦紫御东方一期7栋,"118.832973,32.137865",3
449,2022-11-28,雨花台区,雨花街道万科大都会公寓D区7幢,"118.775313,31.992029",3
450,2022-11-28,雨花台区,西善桥街道西柿路9号明尚西苑1栋,"118.694740,31.943582",3
451,2022-11-28,江宁区,南京工程高等职业学校,"118.828121,31.930501",3
452,2022-11-28,江宁区,秣陵街道中航樾府17幢,"118.795757,31.932696",3
453,2022-11-28,江宁区,麒麟街道誉峰苑7幢,"118.917358,32.035928",3
454,2022-11-28,江宁区,麒麟门贺家边40号,"118.923388,32.056445",3
455,2022-11-28,江宁区,东山街道北沿路157号（家属院）,"118.833568,31.957511",3
456,2022-11-28,江宁区,东山街道东秦新苑3幢,"118.824595,31.965444",3
457,2022-11-28,江宁区,秣陵街道东虹花苑东苑3幢,"118.774716,31.866574",3
458,2022-11-28,江宁区,东山街道天鹅湖花园23幢,"118.866708,31.955322",3
459,2022-11-28,江宁区,城建大厦（上元大街327号）,"118.838149,31.952555",3
460,2022-11-28,六合区,雄州街道观滁社区复兴西苑6栋,"118.826301,32.346565",3
461,2022-11-28,江北新区,沿江街道天润城十四街区21栋,"118.730104,32.158065",3
462,2022-11-28,江北新区,北外滩水城六街区1栋,"118.752920,32.143600",3
463,2022-11-28,江北新区,泰山街道旭日爱上城4期30栋,"118.714543,32.131917",3
464,2022-11-28,江北新区,和善园（丽岛路21号）,"118.715655,32.129814",3
465,2022-11-28,江北新区,浦泰和天下二期10栋,"118.739078,32.133197",3
466,2022-11-28,江北新区,沿江街道北外滩水城九街区2栋,"118.754626,32.141245",3
467,2022-11-28,江北新区,葛塘街道蔚蓝星宸苑4栋,"118.742541,32.242899",3
468,2022-11-28,江北新区,大厂街道湖滨村36栋,"118.739113,32.201763",3
469,2022-11-28,江北新区,泰山街道明发滨江新城三期334栋,"118.746833,32.132667",3
470,2022-11-28,江北新区,大厂街道山潘一村20栋,"118.763618,32.234482",3
471,2022-11-28,江北新区,泰山街道明发滨江新城二期266栋,"118.747250,32.130750",3
472,2022-11-28,江北新区,沿江街道北外滩水城十九街区7栋,"118.755687,32.154518",3
473,2022-11-28,玄武区,flag 1,flag 1,1
474,2022-11-28,秦淮区,flag 1,flag 1,1
475,2022-11-28,鼓楼区,flag 1,flag 1,1
476,2022-11-28,栖霞区,flag 1,flag 1,1
477,2022-11-28,雨花台区,flag 1,flag 1,1
478,2022-11-28,江宁区,flag 1,flag 1,1
479,2022-11-28,六合区,flag 1,flag 1,1
480,2022-11-28,江北新区,flag 1,flag 1,1
481,2022-11-27,玄武区,梅园新村街道熊猫万谷金融科技中心,"118.802657,32.042837",3
482,2022-11-27,秦淮区,西华东村,"118.807794,32.038608",3
483,2022-11-27,秦淮区,全季酒店（大行宫店）,"118.773832,32.036219",3
484,2022-11-27,秦淮区,苜中路1号小区 ,"118.834973,32.034674",3
485,2022-11-27,秦淮区,瑞金路1-58号6幢3,"118.804414,32.032523",3
486,2022-11-27,秦淮区,靖小馆（丰富路62-2号）,"118.779979,32.034005",3
487,2022-11-27,鼓楼区,宝塔桥街道江山汇悦山府（燕江路199号）,"118.766135,32.115776",3
488,2022-11-27,鼓楼区,小市街道中央北路73号源泉科技,"118.782738,32.100906",3
489,2022-11-27,栖霞区,南通建工09-02地块项目寅春路生活区,"118.771023,32.008625",3
490,2022-11-27,栖霞区,仙林街道仙龙湾小区35栋一单元,"118.913437,32.083815",3
491,2022-11-27,栖霞区,栖霞街道五福家园小区柳苑7栋2单元,"118.949975,32.154133",3
492,2022-11-27,雨花台区,雨花街道万科大都会公寓D区7幢,"118.775313,31.992029",3
493,2022-11-27,江宁区,秣陵街道秣周东路12号1号楼悠家公寓,"118.826270,31.867833",3
494,2022-11-27,江宁区,南京工程高等职业学校,"118.828121,31.930501",3
495,2022-11-27,江宁区,秣陵街道中航樾府17幢,"118.795757,31.932696",3
496,2022-11-27,江宁区,麒麟街道誉峰苑7幢,"118.917358,32.035928",3
497,2022-11-27,江宁区,麒麟门贺家边40号,"118.923388,32.056445",3
498,2022-11-27,江宁区,东山街道北沿路157号（家属院）,"118.833568,31.957511",3
499,2022-11-27,江宁区,东山街道东秦新苑3幢,"118.824595,31.965444",3
500,2022-11-27,江宁区,秣陵街道东虹花苑东苑3幢,"118.774716,31.866574",3
501,2022-11-27,浦口区,江北虹悦城（浦口店）,"118.765237,32.111866",3
502,2022-11-27,六合区,横梁街道横梁社区天石路1号-44号,"118.940158,32.324934",3
503,2022-11-27,六合区,雄州街道观滁社区复兴西苑6栋,"118.826301,32.346565",3
504,2022-11-27,江北新区,盘城街道盘龙山庄42栋,"118.729987,32.201333",3
505,2022-11-27,江北新区,泰山街道旭日爱上城彩翼园22栋,"118.716153,32.130349",3
506,2022-11-27,江北新区,银河城1栋,"118.701094,32.161681",3
507,2022-11-27,江北新区,沿江街道北外滩水城五街区3栋,"118.751079,32.140906",3
508,2022-11-27,江北新区,北外滩水城十九街区6栋,"118.755687,32.154518",3
509,2022-11-27,江北新区,朗诗未来街区二期17栋,"118.714057,32.187180",3
510,2022-11-27,江北新区,沿江街道天润城十四街区21栋,"118.730104,32.158065",3
511,2022-11-27,江北新区,北外滩水城六街区1栋,"118.752920,32.143600",3
512,2022-11-27,江北新区,泰山街道旭日爱上城4期30栋,"118.714543,32.131917",3
513,2022-11-27,江北新区,和善园（丽岛路21号）,"118.715655,32.129814",3
514,2022-11-27,江北新区,浦泰和天下二期10栋,"118.739078,32.133197",3
515,2022-11-27,江北新区,沿江街道北外滩水城九街区2栋,"118.754626,32.141245",3
516,2022-11-27,江北新区,葛塘街道蔚蓝星宸苑4栋,"118.742541,32.242899",3
517,2022-11-27,江北新区,大厂街道湖滨村36栋,"118.739113,32.201763",3
518,2022-11-27,江北新区,泰山街道明发滨江新城三期334栋,"118.746833,32.132667",3
519,2022-11-27,玄武区,flag 1,flag 1,1
520,2022-11-27,秦淮区,flag 1,flag 1,1
521,2022-11-27,鼓楼区,flag 1,flag 1,1
522,2022-11-27,栖霞区,flag 1,flag 1,1
523,2022-11-27,雨花台区,flag 1,flag 1,1
524,2022-11-27,江宁区,flag 1,flag 1,1
525,2022-11-27,浦口区,flag 1,flag 1,1
526,2022-11-27,六合区,flag 1,flag 1,1
527,2022-11-27,江北新区,flag 1,flag 1,1
528,2022-11-26,玄武区,梅园新村街道熊猫万谷金融科技中心,"118.802657,32.042837",3
529,2022-11-26,玄武区,梅园新村街道黄埔花园小区1栋,"118.811296,32.041838",3
530,2022-11-26,秦淮区,长白街654号,"118.799124,32.039136",3
531,2022-11-26,秦淮区,头条巷50号2栋,"118.802951,32.038886",3
532,2022-11-26,秦淮区,苜蓿园大街246号7栋,"118.832316,32.025957",3
533,2022-11-26,秦淮区,武学园小区2号,"118.786142,32.033091",3
534,2022-11-26,秦淮区,御河新村11幢,"118.807617,32.030418",3
535,2022-11-26,秦淮区,御道街小区20幢,"118.816460,32.037926",3
536,2022-11-26,秦淮区,西华东村,"118.807794,32.038608",3
537,2022-11-26,秦淮区,全季酒店（大行宫店）,"118.773832,32.036219",3
538,2022-11-26,秦淮区,苜中路1号小区 ,"118.834973,32.034674",3
539,2022-11-26,秦淮区,瑞金路1-58号6幢3,"118.804414,32.032523",3
540,2022-11-26,秦淮区,靖小馆（丰富路62-2号）,"118.779979,32.034005",3
541,2022-11-26,鼓楼区,宝塔桥街道锦绣江山花园南苑6幢（方家营路3号）,"118.754212,32.101216",3
542,2022-11-26,鼓楼区,幕府山街道黄方村1号3栋,"118.789381,32.113105",3
543,2022-11-26,鼓楼区,中央门街道新门口18号南京长江医院,"118.768459,32.087111",3
544,2022-11-26,鼓楼区,宝塔桥街道江山汇悦山府（燕江路199号）,"118.766135,32.115776",3
545,2022-11-26,鼓楼区,小市街道中央北路73号源泉科技,"118.782738,32.100906",3
546,2022-11-26,栖霞区,南通建工09-02地块项目寅春路生活区,"118.771023,32.008625",3
547,2022-11-26,栖霞区,仙林街道仙龙湾小区35栋一单元,"118.913437,32.083815",3
548,2022-11-26,雨花台区,雨花街道万科大都会公寓D区7幢,"118.775313,31.992029",3
549,2022-11-26,江宁区,秣陵街道秣周东路12号1号楼悠家公寓,"118.826270,31.867833",3
550,2022-11-26,江宁区,汤山街道孟墓社区神童村中茅山组,"119.018301,31.976971",3
551,2022-11-26,江宁区,禄口街道苍穹路8号圆通速递（江苏省南京转运中心）,"118.961584,31.867284",3
552,2022-11-26,江宁区,南京工程高等职业学校,"118.828121,31.930501",3
553,2022-11-26,江宁区,秣陵街道中航樾府17幢,"118.795757,31.932696",3
554,2022-11-26,江宁区,麒麟街道誉峰苑7幢,"118.917358,32.035928",3
555,2022-11-26,江宁区,麒麟门贺家边40号,"118.923388,32.056445",3
556,2022-11-26,浦口区,江北虹悦城（浦口店）,"118.765237,32.111866",3
557,2022-11-26,六合区,雄州街道冶浦社区龙海骏景44幢,"118.861177,32.343546",3
558,2022-11-26,六合区,雄州街道桥西社区花语馨苑11幢,"118.831015,32.325744",3
559,2022-11-26,六合区,雄州街道欢乐港一期五楼茶百道奶茶店,"118.836494,32.336006",3
560,2022-11-26,六合区,欢乐港一期负1层茶百道奶茶店,"118.836494,32.336006",3
561,2022-11-26,六合区,横梁街道横梁社区天石路1号-44号,"118.940158,32.324934",3
562,2022-11-26,江北新区,沿江街道天润城十六街区北区1栋,"118.728117,32.157281",3
563,2022-11-26,江北新区,天润城八街区25栋,"118.733536,32.149227",3
564,2022-11-26,江北新区,北外滩水城八街区7栋,"118.750661,32.144953",3
565,2022-11-26,江北新区,葛塘街道仁锦苑A区4幢,"118.724451,32.219406",3
566,2022-11-26,江北新区,盘城街道盘龙山庄42栋,"118.729987,32.201333",3
567,2022-11-26,江北新区,泰山街道旭日爱上城彩翼园22栋,"118.716153,32.130349",3
568,2022-11-26,江北新区,银河城1栋,"118.701094,32.161681",3
569,2022-11-26,江北新区,沿江街道北外滩水城五街区3栋,"118.751079,32.140906",3
570,2022-11-26,江北新区,北外滩水城十九街区6栋,"118.755687,32.154518",3
571,2022-11-26,江北新区,朗诗未来街区二期17栋,"118.714057,32.187180",3
572,2022-11-26,江北新区,沿江街道天润城十四街区21栋,"118.730104,32.158065",3
573,2022-11-26,江北新区,北外滩水城六街区1栋,"118.752920,32.143600",3
574,2022-11-26,江北新区,泰山街道旭日爱上城4期30栋,"118.714543,32.131917",3
575,2022-11-26,江北新区,和善园（丽岛路21号）,"118.715655,32.129814",3
576,2022-11-26,江北新区,浦泰和天下二期10栋,"118.739078,32.133197",3
577,2022-11-26,江北新区,沿江街道北外滩水城九街区2栋,"118.754626,32.141245",3
578,2022-11-26,江北新区,葛塘街道蔚蓝星宸苑4栋,"118.742541,32.242899",3
579,2022-11-26,江北新区,大厂街道湖滨村36栋,"118.739113,32.201763",3
580,2022-11-26,江北新区,泰山街道明发滨江新城三期334栋,"118.746833,32.132667",3
581,2022-11-26,玄武区,flag 1,flag 1,1
582,2022-11-26,秦淮区,flag 1,flag 1,1
583,2022-11-26,鼓楼区,flag 1,flag 1,1
584,2022-11-26,栖霞区,flag 1,flag 1,1
585,2022-11-26,雨花台区,flag 1,flag 1,1
586,2022-11-26,江宁区,flag 1,flag 1,1
587,2022-11-26,浦口区,flag 1,flag 1,1
588,2022-11-26,六合区,flag 1,flag 1,1
589,2022-11-26,江北新区,flag 1,flag 1,1
590,2022-11-25,玄武区,梅园新村街道熊猫万谷金融科技中心,"118.802657,32.042837",3
591,2022-11-25,玄武区,玄武湖街道樱铁村小区36栋,"118.827693,32.087088",3
592,2022-11-25,玄武区,梅园新村街道黄埔花园小区1栋,"118.811296,32.041838",3
593,2022-11-25,秦淮区,长白街654号,"118.799124,32.039136",3
594,2022-11-25,秦淮区,头条巷50号2栋,"118.802951,32.038886",3
595,2022-11-25,秦淮区,苜蓿园大街246号7栋,"118.832316,32.025957",3
596,2022-11-25,秦淮区,武学园小区2号,"118.786142,32.033091",3
597,2022-11-25,秦淮区,御河新村11幢,"118.807617,32.030418",3
598,2022-11-25,秦淮区,御道街小区20幢,"118.816460,32.037926",3
599,2022-11-25,秦淮区,西华东村,"118.807794,32.038608",3
600,2022-11-25,秦淮区,全季酒店（大行宫店）,"118.773832,32.036219",3
601,2022-11-25,秦淮区,苜中路1号小区 ,"118.834973,32.034674",3
602,2022-11-25,秦淮区,瑞金路1-58号6幢3,"118.804414,32.032523",3
603,2022-11-25,秦淮区,靖小馆（丰富路62-2号）,"118.779979,32.034005",3
604,2022-11-25,鼓楼区,凤凰街道江苏卫生健康职业学院（凤凰西街150-1号）,"118.750361,32.043732",3
605,2022-11-25,鼓楼区,小市街道东井村3号23栋,"118.802113,32.098668",3
606,2022-11-25,鼓楼区,宝塔桥街道锦绣江山花园南苑6幢（方家营路3号）,"118.754212,32.101216",3
607,2022-11-25,鼓楼区,幕府山街道黄方村1号3栋,"118.789381,32.113105",3
608,2022-11-25,鼓楼区,中央门街道新门口18号南京长江医院,"118.768459,32.087111",3
609,2022-11-25,鼓楼区,宝塔桥街道江山汇悦山府（燕江路199号）,"118.766135,32.115776",3
610,2022-11-25,鼓楼区,小市街道中央北路73号源泉科技,"118.782738,32.100906",3
611,2022-11-25,栖霞区,南通建工09-02地块项目寅春路生活区,"118.771023,32.008625",3
612,2022-11-25,雨花台区,雨花街道万科大都会D区1栋,"118.819051,32.038381",3
613,2022-11-25,雨花台区,铁心桥街道翠岭银河B区翠岭苑13栋,"118.754587,31.951169",3
614,2022-11-25,雨花台区,雨花街道万科大都会公寓D区7幢,"118.775313,31.992029",3
615,2022-11-25,江宁区,东山街道武夷花园55幢,"118.832905,31.957780",3
616,2022-11-25,江宁区,秣陵街道秣周东路12号1号楼悠家公寓,"118.826270,31.867833",3
617,2022-11-25,江宁区,汤山街道孟墓社区神童村中茅山组,"119.018301,31.976971",3
618,2022-11-25,江宁区,禄口街道苍穹路8号圆通速递（江苏省南京转运中心）,"118.961584,31.867284",3
619,2022-11-25,江宁区,南京工程高等职业学校,"118.828121,31.930501",3
620,2022-11-25,江宁区,秣陵街道中航樾府17幢,"118.795757,31.932696",3
621,2022-11-25,江宁区,麒麟街道誉峰苑7幢,"118.917358,32.035928",3
622,2022-11-25,浦口区,江北虹悦城（浦口店）,"118.765237,32.111866",3
623,2022-11-25,六合区,冶山街道东王社区椿树庄椿东组,"118.877724,32.559350",3
624,2022-11-25,六合区,雄州街道冶浦社区龙海骏景44幢,"118.861177,32.343546",3
625,2022-11-25,六合区,雄州街道桥西社区花语馨苑11幢,"118.831015,32.325744",3
626,2022-11-25,六合区,雄州街道欢乐港一期五楼茶百道奶茶店,"118.836494,32.336006",3
627,2022-11-25,六合区,欢乐港一期负1层茶百道奶茶店,"118.836494,32.336006",3
628,2022-11-25,六合区,横梁街道横梁社区天石路1号-44号,"118.940158,32.324934",3
629,2022-11-25,江北新区,沿江街道天润城十六街区北区1栋,"118.728117,32.157281",3
630,2022-11-25,江北新区,天润城八街区25栋,"118.733536,32.149227",3
631,2022-11-25,江北新区,北外滩水城八街区7栋,"118.750661,32.144953",3
632,2022-11-25,江北新区,葛塘街道仁锦苑A区4幢,"118.724451,32.219406",3
633,2022-11-25,江北新区,盘城街道盘龙山庄42栋,"118.729987,32.201333",3
634,2022-11-25,江北新区,泰山街道旭日爱上城彩翼园22栋,"118.716153,32.130349",3
635,2022-11-25,江北新区,银河城1栋,"118.701094,32.161681",3
636,2022-11-25,江北新区,沿江街道北外滩水城五街区3栋,"118.751079,32.140906",3
637,2022-11-25,江北新区,北外滩水城十九街区6栋,"118.755687,32.154518",3
638,2022-11-25,江北新区,朗诗未来街区二期17栋,"118.714057,32.187180",3
639,2022-11-25,江北新区,沿江街道天润城十四街区21栋,"118.730104,32.158065",3
640,2022-11-25,江北新区,北外滩水城六街区1栋,"118.752920,32.143600",3
641,2022-11-25,江北新区,泰山街道旭日爱上城4期30栋,"118.714543,32.131917",3
642,2022-11-25,江北新区,和善园（丽岛路21号）,"118.715655,32.129814",3
643,2022-11-25,江北新区,浦泰和天下二期10栋,"118.739078,32.133197",3
644,2022-11-25,江北新区,沿江街道北外滩水城九街区2栋,"118.754626,32.141245",3
645,2022-11-25,江北新区,葛塘街道蔚蓝星宸苑4栋,"118.742541,32.242899",3
646,2022-11-25,玄武区,flag 1,flag 1,1
647,2022-11-25,秦淮区,flag 1,flag 1,1
648,2022-11-25,鼓楼区,flag 1,flag 1,1
649,2022-11-25,栖霞区,flag 1,flag 1,1
650,2022-11-25,雨花台区,flag 1,flag 1,1
651,2022-11-25,江宁区,flag 1,flag 1,1
652,2022-11-25,浦口区,flag 1,flag 1,1
653,2022-11-25,六合区,flag 1,flag 1,1
654,2022-11-25,江北新区,flag 1,flag 1,1
655,2022-11-21,秦淮区,长白街654号,"118.799124,32.039136",3
656,2022-11-21,秦淮区,头条巷50号2栋,"118.802951,32.038886",3
657,2022-11-21,秦淮区,苜蓿园大街246号7栋,"118.832316,32.025957",3
658,2022-11-21,秦淮区,flag 1,flag 1,1
659,2022-11-20,栖霞区,迈皋桥街道星叶瑜憬湾12栋,"118.824747,32.105403",3
660,2022-11-20,栖霞区,燕子矶街道保利国际社区一期3栋,"118.820266,32.136526",3
661,2022-11-20,栖霞区,flag 1,flag 1,1
662,2022-11-19,玄武区,梅园新村街道熊猫万谷金融科技中心,"118.802657,32.042837",3
663,2022-11-19,玄武区,孝陵卫街道钟山花园城博雅居2栋,"118.847155,32.029396",3
664,2022-11-19,玄武区,flag 1,flag 1,1
665,2022-11-17,江北新区,江北新区沿江街道香溢紫郡二期22幢,"118.697314,32.180131",3
666,2022-11-17,江北新区,flag 1,flag 1,1
667,2022-11-16,鼓楼区,宝塔桥街道金陵新九村1栋（燕江路60号）,"118.761672,32.111135",3
668,2022-11-16,鼓楼区,flag 1,flag 1,1
669,2022-11-16,雨花台区,莱蒙水榭阳光小区3栋,"118.752933,31.947134",3
670,2022-11-16,雨花台区,肥肠大碗面（福园路7-10号）,"118.749310,31.945664",3
671,2022-11-16,雨花台区,CoCo奶茶店（英才路2号菁英公寓4栋104A）,"118.745120,31.940239",3
672,2022-11-16,雨花台区,flag 1,flag 1,1
673,2022-11-16,六合区,龙池街道莉湖花园小区（文晖路35号）12幢,"118.836835,32.321281",3
674,2022-11-16,六合区,flag 1,flag 1,1
675,2022-11-16,秦淮区,复地活力广场S2-1单元,"118.804043,31.981314",3
676,2022-11-16,秦淮区,flag 1,flag 1,1
677,2022-11-15,江北新区,江北新区沿江街道就那家小菜馆（南浦路303号旭日家园15-111商铺）,"118.738380,32.139511",3
678,2022-11-15,江北新区,安庆小吃（南浦路303号旭日家园1-108商铺）,"118.738262,32.140989",3
679,2022-11-15,江北新区,林家瘦型鸭子店（南浦路303号旭日家园1-106商铺）,"118.738262,32.140989",3
680,2022-11-15,江北新区,百姓菜馆快餐店（复兴路608号江岸水城76-101商铺）,"118.740878,32.155994",3
681,2022-11-15,江北新区,如家商旅金标酒店（弘阳广场柳洲东路地铁站店）,"118.746237,32.139965",3
682,2022-11-15,江北新区,润泰七期地块经济适用房项目工地,"118.843526,32.003137",3
683,2022-11-15,江北新区,泰山街道国力宾馆（天华南路18号）,"118.726250,32.147633",3
684,2022-11-15,江北新区,flag 1,flag 1,1
685,2022-11-14,栖霞区,兴卫村社区小营村24号,"118.835708,32.099542",3
686,2022-11-14,栖霞区,flag 1,flag 1,1
687,2022-11-11,栖霞区,flag 0,flag 0,0
688,2022-11-11,栖霞区,馨合家园小区,"118.859065,32.106381",1
689,2022-11-11,鼓楼区,flag 0,flag 0,0
690,2022-11-11,鼓楼区,幕府山街道盛世花园小区（幕府东路96号）,"118.792137,32.113383",1
691,2022-11-10,栖霞区,迈皋桥街道燕歌园小区（一园）,"118.859043,32.113174",1
692,2022-11-10,鼓楼区,幕府山街道盛世花园小区（幕府东路96号）,"118.792137,32.113383",2
693,2022-11-10,鼓楼区,flag 1,flag 1,1
694,2022-11-10,栖霞区,迈皋桥街道燕歌园小区（一园）,"118.859043,32.113174",2
695,2022-11-10,栖霞区,馨合家园小区,"118.859065,32.106381",2
696,2022-11-10,栖霞区,flag 1,flag 1,1
697,2022-11-08,鼓楼区,幕府山街道盛世花园小区（幕府东路96号）,"118.792137,32.113383",2
698,2022-11-08,鼓楼区,flag 1,flag 1,1
699,2022-11-08,栖霞区,铁路货运尧化门站货场(南京经济技术开发区恒广路与仙新路交叉路口西300米),"118.894678,32.142153",2
700,2022-11-08,栖霞区,迈皋桥街道燕歌园小区（一园,"118.859043,32.113174",2
701,2022-11-08,栖霞区,燕舞园小区（一园,"118.854030,32.115272",2
702,2022-11-08,栖霞区,馨合家园小区,"118.859065,32.106381",2
703,2022-11-08,栖霞区,凤和东园小区,"118.858582,32.030760",2
704,2022-11-08,栖霞区,尧化街道月桂园小区,"118.867848,32.117816",2
705,2022-11-08,栖霞区,flag 1,flag 1,1
706,2022-11-06,栖霞区,铁路货运尧化门站货场（南京经济技术开发区恒广路与仙新路交叉路口西300米）,"118.894678,32.142153",2
707,2022-11-06,栖霞区,燕子矶街道熙景福苑小区,"118.866317,32.110683",1
708,2022-11-06,栖霞区,南京经济技术开发区恒通大道50-8号恒通中心和南京经济技术开发区仙新路过江通道C3标段项目部生活区（仙新路与恒广路交叉路口西北角）,"118.883783,32.145183",1
709,2022-11-06,鼓楼区,鼓楼区幕府山街道盛世花园小区（幕府东路96号）,"118.792137,32.113383",2
710,2022-11-05,栖霞区,尧化街道尧顺佳园一期,"118.893599,32.128734",1
711,2022-11-05,栖霞区,燕子矶街道吉祥山庄小区,"118.813450,32.135214",1
712,2022-11-05,栖霞区,尧化街道金尧花园小区,"118.872043,32.122394",1
713,2022-11-05,鼓楼区,幕府山街道盛世花园小区（幕府东路96号）,"118.792137,32.113383",3
714,2022-11-05,栖霞区,铁路货运尧化门站货场(南京经济技术开发区恒广路与仙新路交叉路口西300米),"118.894678,32.142153",3
715,2022-11-05,玄武区,锁金村街道南京林业大学南林一村,"118.815018,32.077159",2
716,2022-11-05,鼓楼区,幕府山街道云谷山庄小区（幕府东路57号）,"118.789479,32.115527",2
717,2022-11-05,栖霞区,南京经济技术开发区恒通大道50-8号恒通中心,"118.883783,32.145183",2
718,2022-11-05,栖霞区,南京经济技术开发区仙新路过江通道C3标段项目部生活区（仙新路与恒广路交叉路口西北角）,"118.881241,32.141812",2
719,2022-11-05,栖霞区,恒达路8号永镫科技（南京）有限公司,"118.884167,32.147634",2
720,2022-11-05,栖霞区,燕子矶街道熙景福苑小区,"118.866317,32.110683",2
721,2022-11-05,栖霞区,城市绿洲小区2期,"118.825771,32.122764",2
722,2022-11-05,栖霞区,化工新村（20-23幢,"118.817298,32.134013",2
723,2022-11-05,栖霞区,化工新村（51-61幢）,"118.817298,32.134013",2
724,2022-11-05,栖霞区,联珠村28号-1,"118.815363,32.134645",2
725,2022-11-05,栖霞区,迈皋桥街道燕歌园小区（一园,"118.859043,32.113174",2
726,2022-11-05,栖霞区,燕舞园小区（一园,"118.854030,32.115272",2
727,2022-11-05,栖霞区,馨合家园小区,"118.859065,32.106381",2
728,2022-11-05,栖霞区,凤和东园小区,"118.858582,32.030760",2
729,2022-11-05,栖霞区,通州四建熙湲路工地,"118.826086,32.107056",2
730,2022-11-05,栖霞区,尧化街道月桂园小区,"118.867848,32.117816",2
731,2022-11-05,栖霞区,和苑小区,"118.886370,32.132317",2
732,2022-11-05,栖霞区,金尧花园,"118.873952,32.122341",2
733,2022-11-05,玄武区,flag 1,flag 1,1
734,2022-11-05,鼓楼区,flag 1,flag 1,1
735,2022-11-05,栖霞区,flag 1,flag 1,1
736,2022-11-04,栖霞区,燕子矶街道联珠村28号—1,"118.815363,32.134645",2
737,2022-11-04,栖霞区,燕子矶街道燕江新城山水苑,"118.842270,32.130087",1
738,2022-11-04,栖霞区,尧化街道上城风景北苑,"118.876239,32.116399",1
739,2022-11-04,栖霞区,迈皋桥街道燕升园（1园,"118.859847,32.111679",1
740,2022-11-04,栖霞区,壹城西区小区,"118.831158,32.035840",1
741,2022-11-03,鼓楼区,幕府山街道盛世花园小区（幕府东路96号）,"118.792137,32.113383",3
742,2022-11-03,栖霞区,铁路货运尧化门站货场(南京经济技术开发区恒广路与仙新路交叉路口西300米),"118.894678,32.142153",3
743,2022-11-03,栖霞区,燕子矶街道联珠村28号-1,"118.815363,32.134645",3
744,2022-11-03,玄武区,锁金村街道南京林业大学南林一村,"118.815018,32.077159",2
745,2022-11-03,鼓楼区,幕府山街道五佰村路南汽三村,"118.785514,32.109943",2
746,2022-11-03,鼓楼区,云谷山庄小区（幕府东路57号）,"118.789479,32.115527",2
747,2022-11-03,栖霞区,南京经济技术开发区恒通大道50-8号恒通中心,"118.883783,32.145183",2
748,2022-11-03,栖霞区,南京经济技术开发区仙新路过江通道C3标段项目部生活区（仙新路与恒广路交叉路口西北角）,"118.881241,32.141812",2
749,2022-11-03,栖霞区,恒达路8号永镫科技（南京）有限公司,"118.884167,32.147634",2
750,2022-11-03,栖霞区,燕子矶街道燕江新城山水苑,"118.842270,32.130087",2
751,2022-11-03,栖霞区,吉祥山庄小区,"118.813450,32.135214",2
752,2022-11-03,栖霞区,熙景福苑小区,"118.866389,32.109968",2
753,2022-11-03,栖霞区,城市绿洲小区2期,"118.825771,32.122764",2
754,2022-11-03,栖霞区,化工新村（20-23幢,"118.817298,32.134013",2
755,2022-11-03,栖霞区,化工新村（51-61幢）,"118.817298,32.134013",2
756,2022-11-03,栖霞区,迈皋桥街道燕升园小区（一园,"118.859101,32.111602",2
757,2022-11-03,栖霞区,燕歌园小区（一园,"118.859043,32.113174",2
758,2022-11-03,栖霞区,燕舞园小区（一园,"118.854030,32.115272",2
759,2022-11-03,栖霞区,壹城西区小区,"118.831158,32.035840",2
760,2022-11-03,栖霞区,馨合家园小区,"118.859065,32.106381",2
761,2022-11-03,栖霞区,凤和东园小区,"118.858582,32.030760",2
762,2022-11-03,栖霞区,通州四建熙湲路工地,"118.826086,32.107056",2
763,2022-11-03,栖霞区,尧化街道月桂园小区,"118.867848,32.117816",2
764,2022-11-03,栖霞区,和苑小区,"118.886370,32.132317",2
765,2022-11-03,栖霞区,上城风景北苑,"118.876239,32.116399",2
766,2022-11-03,栖霞区,金尧花园,"118.873952,32.122341",2
767,2022-11-03,栖霞区,尧顺佳园一期,"118.893599,32.128734",2
768,2022-11-03,江宁区,秣陵街道翠屏国际城（广场苑,"118.785170,31.936984",2
769,2022-11-03,江宁区,金榕苑）,"118.779825,31.931953",2
770,2022-11-03,玄武区,flag 1,flag 1,1
771,2022-11-03,鼓楼区,flag 1,flag 1,1
772,2022-11-03,栖霞区,flag 0,flag 0,1
773,2022-11-03,江宁区,flag 1,flag 1,1
774,2022-10-30,栖霞区,迈皋桥街道馨合家园小区,"118.859065,32.106381",2
775,2022-10-30,鼓楼区,幕府山街道盛世花园小区（幕府东路96号）,"118.792137,32.113383",3
776,2022-10-30,鼓楼区,幕府山街道五佰村路南汽三村,"118.785514,32.109943",2
777,2022-10-30,鼓楼区,flag 1,flag 1,1
778,2022-10-29,栖霞区,燕子矶街道熙景福苑小区,"118.866317,32.110683",2
779,2022-10-29,栖霞区,城市绿洲小区2期,"118.825771,32.122764",2
780,2022-10-29,栖霞区,化工新村（20-23幢,"118.817298,32.134013",2
781,2022-10-29,栖霞区,化工新村（51-61幢）,"118.817298,32.134013",2
782,2022-10-29,栖霞区,南京经济技术开发区仙新路过江通道C3标段项目部生活区（仙新路与恒广路交叉路口西北角）,"118.881241,32.141812",2
783,2022-10-29,栖霞区,恒达路8号永镫科技（南京）有限公司,"118.884167,32.147634",2
784,2022-10-26,栖霞区,铁路货运尧化门站货场(南京经济技术开发区恒广路与仙新路交叉路口西300米),"118.894678,32.142153",3
785,2022-10-26,江北新区,沿江街道弘阳时光里二期,"118.710386,32.181291",2
786,2022-10-26,鼓楼区,幕府山街道汽轮七村小区（北崮山路东）,"118.793305,32.101606",2
787,2022-10-26,江北新区,flag 1,flag 1,1
788,2022-10-26,鼓楼区,flag 1,flag 1,1
789,2022-10-26,栖霞区,flag 0,flag 0,1
790,2022-10-21,江北新区,沿江街道香溢紫郡一期26栋,"118.700039,32.177237",2
791,2022-10-21,江北新区,沿江街道弘阳时光里二期,"118.710386,32.181291",2
792,2022-10-21,秦淮区,五老村街道延龄巷30号小区,"118.791644,32.037203",2
793,2022-10-21,秦淮区,泷川的深夜食堂（秦淮区洪武路街道洪武路164号）,"118.786810,32.035553",2
794,2022-10-21,秦淮区,新疆玉石阿卜都烧烤（秦淮区洪武路街道太平南路579号）,"118.789519,32.024284",2
795,2022-10-21,秦淮区,洪武路街道火瓦巷32号,"118.790076,32.032547",2
796,2022-10-21,鼓楼区,华侨路街道汉中路280号金陵交运工地,"118.769220,32.043332",2
797,2022-10-21,栖霞区,栖霞街道五福家园小区（枫苑,"118.954330,32.152003",2
798,2022-10-21,栖霞区,尧化街道尧顺佳园二期,"118.891329,32.126393",2
799,2022-10-21,栖霞区,迈皋桥街道新城尚座小区,"118.825503,32.111976",2
800,2022-10-21,雨花台区,铁心桥街道凤翔花园三期,"118.762357,31.966343",2
801,2022-10-21,雨花台区,雨花街道花神大道23号1号楼东楼,"118.777549,31.972760",2
802,2022-10-21,浦口区,华昌龙之谷乐园（龙谷路9号）,,2
803,2022-10-21,江北新区,flag 1,flag 1,1
804,2022-10-21,秦淮区,flag 1,flag 1,1
805,2022-10-21,鼓楼区,flag 1,flag 1,1
806,2022-10-21,栖霞区,flag 1,flag 1,1
807,2022-10-21,雨花台区,flag 1,flag 1,1
808,2022-10-21,浦口区,flag 1,flag 1,1
809,2022-10-06,秦淮区,flag 0,flag 0,0
810,2022-10-05,江宁区,东山街道景祥佳园,"118.860082,31.968827",2
811,2022-10-05,江宁区,安和家园,"118.859476,31.970446",2
812,2022-10-05,江宁区,flag 1,flag 1,1
813,2022-09-29,秦淮区,布丁严选酒店（秦淮区洪武路街道太平南路585号）,"118.789498,32.024205",2
814,2022-09-29,秦淮区,网鱼网咖（秦淮区洪武路街道长白街88号）,"118.794341,32.025122",2
815,2022-09-29,秦淮区,flag 1,flag 1,1
816,2022-09-08,栖霞区,星程酒店（经五路店）,"118.772538,32.079841",3
817,2022-09-08,栖霞区,郑远元修脚房连锁加盟店（迈皋桥街道合作村92-60-112号）,"118.834144,32.110573",2
818,2022-09-08,栖霞区,flag 1,flag 1,1
819,2022-08-06,鼓楼区,凤凰街道曲水文华苑小区,"118.748820,32.050716",3
820,2022-08-06,鼓楼区,flag 1,flag 1,1
821,2022-07-04,六合区,六合区龙池街道沿河花园小区,"118.821190,32.336535",0
822,2022-07-04,六合区,flag 0,flag 0,0
823,2022-06-28,六合区,六合区龙池街道沿河花园小区,"118.821190,32.336535",2
824,2022-06-28,六合区,flag 0,flag 0,1
825,2022-04-05,玄武区,flag 0,flag 0,1
826,2022-04-05,秦淮区,flag 0,flag 0,1
827,2022-04-05,建邺区,flag 0,flag 0,1
828,2022-04-05,鼓楼区,flag 0,flag 0,1
829,2022-04-05,栖霞区,flag 0,flag 0,1
830,2022-04-05,雨花台区,flag 0,flag 0,1
831,2022-04-05,江宁区,flag 0,flag 0,1
832,2022-04-05,浦口区,flag 0,flag 0,1
833,2022-04-05,六合区,flag 0,flag 0,1
834,2022-04-05,江北新区,flag 0,flag 0,1
835,2022-04-05,溧水区,flag 0,flag 0,1
836,2022-04-05,高淳区,flag 0,flag 0,1
837,2022-04-03,江宁区,东山街道大里聚福城华庭北园18栋,"118.875289,31.997809",1
838,2022-04-03,秦淮区,秦淮区洪武路街道现代大厦,"118.783226,32.025245",2
839,2022-04-03,秦淮区,洪武路街道砂珠巷小区6栋,"118.783980,32.024850",2
840,2022-04-03,秦淮区,朝天宫街道评事街小区千章巷22号,"118.778806,32.029022",2
841,2022-04-03,栖霞区,尧化街道下曹村99号,"118.888552,32.115148",2
842,2022-04-02,江宁区,东山街道青山湾花园小区,"118.862601,31.967304",1
843,2022-04-02,江宁区,江宁区东山街道大里聚福城华庭北园18栋,"118.875289,31.997809",2
844,2022-04-02,秦淮区,洪武路街道现代大厦,"118.783226,32.025245",2
845,2022-04-02,秦淮区,洪武路街道砂珠巷小区6栋,"118.783980,32.024850",2
846,2022-04-02,秦淮区,朝天宫街道评事街小区千章巷22号,"118.778806,32.029022",2
847,2022-04-02,栖霞区,尧化街道下曹村99号,"118.888552,32.115148",2
848,2022-04-01,栖霞区,马群街道文康苑小区5栋,"118.896321,32.037419",1
849,2022-04-01,江宁区,东山街道青山湾花园小区,"118.862601,31.967304",2
850,2022-04-01,江宁区,东山街道大里聚福城华庭北园18栋,"118.875289,31.997809",2
851,2022-04-01,秦淮区,洪武路街道现代大厦,"118.783226,32.025245",2
852,2022-04-01,秦淮区,洪武路街道砂珠巷小区6栋,"118.783980,32.024850",2
853,2022-04-01,秦淮区,朝天宫街道评事街小区千章巷22号,"118.778806,32.029022",2
854,2022-04-01,栖霞区,尧化街道下曹村99号,"118.888552,32.115148",2
855,2022-03-31,江宁区,东山街道湖西雅居东苑,"118.830738,31.953223",1
856,2022-03-31,江宁区,东山街道武夷水岸家园南区2幢,"118.867318,31.965344",1
857,2022-03-31,江宁区,东山街道安和家园7幢,"118.860712,31.970145",1
858,2022-03-31,江宁区,秣陵街道殷巷新寓44幢,"118.837508,31.912659",1
859,2022-03-31,江宁区,东山街道湖西雅居东苑,"118.830738,31.953223",1
860,2022-03-31,江宁区,武夷水岸家园南区2幢,"118.867318,31.965344",1
861,2022-03-31,江宁区,东山街道安和家园7幢,"118.860712,31.970145",1
862,2022-03-31,江宁区,秣陵街道殷巷新寓44幢,"118.837508,31.912659",1
863,2022-03-31,江宁区,江宁区东山街道青山湾花园小区,"118.862601,31.967304",2
864,2022-03-31,江宁区,东山街道大里聚福城华庭北园18栋,"118.875289,31.997809",2
865,2022-03-31,秦淮区,秦淮区洪武路街道现代大厦,"118.783226,32.025245",2
866,2022-03-31,秦淮区,洪武路街道砂珠巷小区6栋,"118.783980,32.024850",2
867,2022-03-31,秦淮区,朝天宫街道评事街小区千章巷22号,"118.778806,32.029022",2
868,2022-03-31,栖霞区,马群街道文康苑5栋,"118.895235,32.037727",2
869,2022-03-31,栖霞区,尧化街道下曹村99号,"118.888552,32.115148",2
870,2022-03-22,栖霞区,栖霞区尧化街道下曹村99号,"118.888552,32.115148",2
871,2022-03-22,江宁区,江宁区东山街道湖西雅居东苑,"118.830738,31.953223",3
872,2022-03-22,江宁区,江宁区东山街道武夷水岸家园南区2幢,"118.867318,31.965344",2
873,2022-03-22,江宁区,东山街道安和家园7幢,"118.860712,31.970145",2
874,2022-03-22,江宁区,东山街道青山湾花园小区,"118.862601,31.967304",2
875,2022-03-22,江宁区,东山街道大里聚福城华庭北园18栋,"118.875289,31.997809",2
876,2022-03-22,江宁区,秣陵街道殷巷新寓44幢,"118.837508,31.912659",2
877,2022-03-22,秦淮区,秦淮区洪武路街道现代大厦,"118.783226,32.025245",2
878,2022-03-22,秦淮区,洪武路街道砂珠巷小区6栋,"118.783980,32.024850",2
879,2022-03-22,秦淮区,朝天宫街道评事街小区千章巷22号,"118.778806,32.029022",2
880,2022-03-22,栖霞区,栖霞区马群街道文康苑5栋,"118.895235,32.037727",2
881,2022-03-22,栖霞区,尧化街道下曹村99号,"118.888552,32.115148",2
882,2022-03-19,江宁区,东山街道大里聚福城华庭北园18栋,"118.875289,31.997809",2
883,2022-03-19,江宁区,东山街道湖西雅居东苑,"118.830738,31.953223",3
884,2022-03-19,江宁区,江宁区东山街道武夷水岸家园南区2幢,"118.867318,31.965344",2
885,2022-03-19,江宁区,东山街道安和家园7幢,"118.860712,31.970145",2
886,2022-03-19,江宁区,东山街道青山湾花园小区,"118.862601,31.967304",2
887,2022-03-19,江宁区,东山街道大里聚福城华庭北园18栋,"118.875289,31.997809",2
888,2022-03-19,江宁区,秣陵街道殷巷新寓44幢,"118.837508,31.912659",2
889,2022-03-19,秦淮区,洪武路街道现代大厦,"118.783226,32.025245",2
890,2022-03-19,秦淮区,洪武路街道砂珠巷小区6栋,"118.783980,32.024850",2
891,2022-03-19,秦淮区,朝天宫街道评事街小区千章巷22号,"118.778806,32.029022",2
892,2022-03-19,栖霞区,马群街道文康苑5栋,"118.895235,32.037727",2
893,2022-03-17,栖霞区,马群街道文康苑5栋,"118.895235,32.037727",2
894,2022-03-17,秦淮区,洪武路街道砂珠巷小区6栋,"118.783980,32.024850",2
895,2022-03-17,秦淮区,朝天宫街道评事街小区千章巷22号,"118.778806,32.029022",2
896,2022-03-17,江宁区,东山街道湖西雅居东苑,"118.830738,31.953223",3
897,2022-03-17,江宁区,东山街道武夷水岸家园南区2幢,"118.867318,31.965344",2
898,2022-03-17,江宁区,东山街道安和家园7幢,"118.860712,31.970145",2
899,2022-03-17,江宁区,东山街道青山湾花园小区,"118.862601,31.967304",2
900,2022-03-17,江宁区,秣陵街道殷巷新寓44幢,"118.837508,31.912659",2
901,2022-03-17,秦淮区,洪武路街道现代大厦,"118.783226,32.025245",2
902,2022-03-17,秦淮区,洪武路街道砂珠巷小区6栋,"118.783980,32.024850",2
903,2022-03-17,秦淮区,朝天宫街道评事街小区千章巷22号,"118.778806,32.029022",2
904,2022-03-17,栖霞区,马群街道文康苑5栋,"118.895235,32.037727",2
905,2022-03-16,江宁区,江宁区东山街道湖西雅居东苑,"118.830738,31.953223",3
906,2022-03-16,江宁区,东山街道武夷水岸家园南区2幢,"118.867318,31.965344",2
907,2022-03-16,江宁区,安和家园7幢,"118.860638,31.970064",2
908,2022-03-16,江宁区,青山湾花园小区,"118.862601,31.967304",2
909,2022-03-16,江宁区,秣陵街道殷巷新寓44幢,"118.837508,31.912659",2
910,2022-03-16,秦淮区,洪武路街道现代大厦,"118.783226,32.025245",2
